Year_Month,USAGE_GB,Billing_Account_Id,Churn_Flag,Churn_Sub_Category
202505,6,100008799538,EARLY CHURN,CMP
202502,583,2106781400,CORE CHURN,OCR
202504,32,100007878067,CORE CHURN,OCR
202503,55,100008015956,CORE CHURN,OCR
202503,0,100008498346,EARLY CHURN,CMP
202503,37,100008878102,EARLY CHURN,OCR
202505,1,100008773872,EARLY CHURN,CMP
202501,0,100008686905,EARLY CHURN,OCR
202503,50,100008416165,EARLY CHURN,CMP
202505,9,100007689046,CORE CHURN,CMP
202504,66,100006509089,CORE CHURN,CMP
202501,1,100002834926,EARLY CHURN,CMP
202504,0,100008420875,EARLY CHURN,CMP
202502,536,100004060040,CORE CHURN,CMP
202504,46,100008380191,EARLY CHURN,CMP
202505,57,100008526401,EARLY CHURN,CMP
202504,56,100008550181,EARLY CHURN,OCR
202503,79,100006320222,CORE CHURN,OCR
202503,10,100008496417,EARLY CHURN,CMP
202503,55,100005167292,CORE CHURN,OCR
202412,557,100007869513,CORE CHURN,OCR
202503,8,100008001114,CORE CHURN,CMP
202501,8,100004732042,CORE CHURN,CMP
202412,1,100005931685,CORE CHURN,CMP
202504,1,1212258024,EARLY CHURN,CMP
202504,22,100008595122,EARLY CHURN,CMP
202504,20,100003025977,CORE CHURN,OCR
202505,55,100008691291,EARLY CHURN,CMP
202503,40,100008181585,EARLY CHURN,CMP
202505,58,100008267060,CORE CHURN,CMP
202504,4,100008555713,EARLY CHURN,CMP
202505,95,100007598739,CORE CHURN,CMP
202503,73,100008460534,EARLY CHURN,CMP
202503,2,100008055249,EARLY CHURN,CMP
202502,434,100007592048,CORE CHURN,CMP
202503,98,100004061210,CORE CHURN,CMP
202504,48,2102445667,CORE CHURN,CMP
202505,90,100008169822,CORE CHURN,CMP
202503,15,100008317665,EARLY CHURN,OCR
202505,3,100008697369,EARLY CHURN,CMP
202504,50,100004681576,EARLY CHURN,CMP
202503,67,100008611981,EARLY CHURN,OCR
202504,13,100008685440,EARLY CHURN,CMP
202505,22,100008513198,EARLY CHURN,CMP
202504,6,100008681695,EARLY CHURN,CMP
202504,62,100008729573,EARLY CHURN,OCR
202504,65,100004802453,EARLY CHURN,OCR
202503,18,100005786401,CORE CHURN,OCR
202502,0,2106565881,CORE CHURN,OCR
202501,593,1515460227,CORE CHURN,OCR
202505,72,100008536951,EARLY CHURN,CMP
202502,0,L1214964334,EARLY CHURN,CMP
202501,414,100006874244,CORE CHURN,OCR
202504,42,100003990304,EARLY CHURN,OCR
202501,460,100006083112,CORE CHURN,OCR
202504,0,100008379315,EARLY CHURN,OCR
202503,59,100008774376,EARLY CHURN,OCR
202501,6,100007854483,CORE CHURN,CMP
202505,78,100008687467,EARLY CHURN,CMP
202503,82,100007262003,CORE CHURN,CMP
202412,592,100008440338,EARLY CHURN,OCR
202412,629,100008020023,EARLY CHURN,OCR
202501,11,100005609930,EARLY CHURN,OCR
202505,13,100008756394,EARLY CHURN,CMP
202502,511,100006480035,CORE CHURN,CMP
202503,76,100007994376,CORE CHURN,CMP
202503,90,100007279719,CORE CHURN,OCR
202505,0,2100258082,EARLY CHURN,CMP
202503,45,100008082876,CORE CHURN,CMP
202505,95,100007335713,CORE CHURN,CMP
202505,0,100008818167,EARLY CHURN,CMP
202503,0,100003660002,EARLY CHURN,OCR
202503,98,L1457833470,CORE CHURN,OCR
202504,62,100008434781,EARLY CHURN,CMP
202505,0,100008554814,EARLY CHURN,CMP
202504,17,100008673701,EARLY CHURN,CMP
202504,4,100008604323,EARLY CHURN,CMP
202504,72,100008583067,EARLY CHURN,CMP
202503,37,100006909865,CORE CHURN,CMP
202503,0,1512651730,CORE CHURN,OCR
202412,473,100008136239,EARLY CHURN,CMP
202504,27,100008585656,EARLY CHURN,CMP
202501,1,1812444913,CORE CHURN,OCR
202501,625,100005482118,CORE CHURN,CMP
202502,15,100008186763,EARLY CHURN,CMP
202504,31,100008825321,EARLY CHURN,OCR
202503,74,100008381212,EARLY CHURN,CMP
202503,94,100007637890,CORE CHURN,CMP
202501,673,100008189972,EARLY CHURN,CMP
202502,497,100005694472,CORE CHURN,CMP
202504,68,100007866126,CORE CHURN,CMP
202502,408,100006532497,CORE CHURN,CMP
202502,0,100005251400,CORE CHURN,CMP
202502,412,100008341698,EARLY CHURN,CMP
202505,0,2106924997,CORE CHURN,OCR
202503,71,100008299371,EARLY CHURN,CMP
202505,1,100008733486,EARLY CHURN,CMP
202412,25,100008099935,EARLY CHURN,CMP
202504,5,100008639174,EARLY CHURN,CMP
202503,53,2107044195,CORE CHURN,OCR
202503,0,100007984484,EARLY CHURN,CMP
202502,557,100005829241,CORE CHURN,CMP
202501,478,100007850163,CORE CHURN,CMP
202505,78,100007579899,CORE CHURN,CMP
202502,0,100007889003,CORE CHURN,OCR
202503,46,100006014251,CORE CHURN,CMP
202504,20,100008681115,EARLY CHURN,CMP
202502,49,100008234829,EARLY CHURN,CMP
202503,0,100008311245,EARLY CHURN,CMP
202503,88,100007632950,CORE CHURN,CMP
202505,50,100008660538,EARLY CHURN,CMP
202505,9,1216616543,EARLY CHURN,CMP
202504,15,1425427216,EARLY CHURN,OCR
202501,0,100007310192,CORE CHURN,CMP
202505,64,100006223898,CORE CHURN,CMP
202503,13,100008594275,EARLY CHURN,CMP
202504,65,100008774876,EARLY CHURN,OCR
202504,73,100006368640,CORE CHURN,CMP
202503,1,1214964130,EARLY CHURN,OCR
202505,83,100007408069,CORE CHURN,CMP
202504,58,100007036036,CORE CHURN,CMP
202502,481,1554226211,CORE CHURN,CMP
202505,6,100008752271,EARLY CHURN,CMP
202505,32,100008742503,EARLY CHURN,CMP
202412,567,100005549378,CORE CHURN,OCR
202503,64,100008464137,EARLY CHURN,CMP
202412,518,100008127619,EARLY CHURN,CMP
202505,35,100008708972,EARLY CHURN,CMP
202504,23,100008665417,EARLY CHURN,CMP
202503,9,100008318613,EARLY CHURN,CMP
202501,420,100006908463,CORE CHURN,OCR
202502,1,100008468442,EARLY CHURN,CMP
202503,68,100006001344,CORE CHURN,CMP
202503,0,100005845990,CORE CHURN,OCR
202503,1,100002353807,EARLY CHURN,CMP
202503,58,100003936685,CORE CHURN,CMP
202502,470,100006483236,CORE CHURN,CMP
202505,88,100008371374,CORE CHURN,CMP
202504,1,100002946667,CORE CHURN,CMP
202412,5,100006952096,CORE CHURN,CMP
202505,6,100000867029,EARLY CHURN,CMP
202502,40,100004606536,CORE CHURN,OCR
202505,41,100008786495,EARLY CHURN,CMP
202503,5,100008497278,EARLY CHURN,CMP
202412,468,100006979954,CORE CHURN,CMP
202503,2,100006269761,CORE CHURN,OCR
202504,69,100008992139,EARLY CHURN,OCR
202505,25,100008911779,EARLY CHURN,OCR
202412,485,100007260976,CORE CHURN,CMP
202412,7,100007832590,CORE CHURN,CMP
202504,13,100008957067,EARLY CHURN,OCR
202502,31,100005071298,CORE CHURN,CMP
202412,22,100007949018,EARLY CHURN,OCR
202503,86,100002134353,EARLY CHURN,OCR
202503,0,100008561449,EARLY CHURN,CMP
202501,547,100006961190,CORE CHURN,CMP
202412,433,2105938719,CORE CHURN,OCR
202504,80,100008175931,CORE CHURN,OCR
202412,421,100007899506,CORE CHURN,CMP
202505,97,100007941586,CORE CHURN,CMP
202502,605,100007919509,CORE CHURN,CMP
202502,504,100008256106,EARLY CHURN,CMP
202412,1,100008601601,EARLY CHURN,OCR
202412,693,100006752584,CORE CHURN,CMP
202503,3,100003939509,EARLY CHURN,CMP
202502,41,100007697546,CORE CHURN,CMP
202505,80,100007675125,CORE CHURN,CMP
202502,678,100005951689,CORE CHURN,CMP
202503,99,100004481555,CORE CHURN,CMP
202503,79,100003567220,CORE CHURN,CMP
202503,94,100006694543,CORE CHURN,CMP
202504,53,100008343621,CORE CHURN,OCR
202505,6,100005710374,EARLY CHURN,OCR
202505,47,100008589009,EARLY CHURN,CMP
202503,0,100008493054,EARLY CHURN,CMP
202412,453,100007898650,CORE CHURN,CMP
202502,443,100008015420,CORE CHURN,CMP
202502,42,100007156804,CORE CHURN,CMP
202503,56,100007733271,CORE CHURN,CMP
202412,0,100007527648,CORE CHURN,CMP
202501,1,100008254749,EARLY CHURN,CMP
202504,93,100006006698,CORE CHURN,CMP
202504,7,100005661044,EARLY CHURN,CMP
202505,78,100008591746,EARLY CHURN,CMP
202503,66,100008397157,EARLY CHURN,CMP
202504,64,100006351588,CORE CHURN,OCR
202502,578,100007832698,CORE CHURN,CMP
202505,79,100006053291,CORE CHURN,OCR
202501,599,100008232690,EARLY CHURN,CMP
202502,19,100006036260,EARLY CHURN,CMP
202412,660,100007825090,CORE CHURN,CMP
202502,7,100008425324,EARLY CHURN,CMP
202505,23,100008699321,EARLY CHURN,OCR
202503,37,100008132625,CORE CHURN,CMP
202504,29,100008465163,EARLY CHURN,CMP
202505,60,100007307621,CORE CHURN,CMP
202504,11,100008641464,EARLY CHURN,CMP
202503,90,100008062474,CORE CHURN,CMP
202504,30,100008853806,EARLY CHURN,OCR
202503,83,100008485338,EARLY CHURN,CMP
202504,59,100001416180,CORE CHURN,CMP
202502,449,1922573806,CORE CHURN,OCR
202501,537,100006908530,CORE CHURN,CMP
202504,36,100007770329,CORE CHURN,CMP
202501,574,100006984335,CORE CHURN,CMP
202505,0,100007790430,CORE CHURN,CMP
202504,0,L2102534928,EARLY CHURN,CMP
202505,19,100008751179,EARLY CHURN,CMP
202504,84,100008524565,EARLY CHURN,CMP
202505,76,2100496949,CORE CHURN,OCR
202504,98,100005409271,CORE CHURN,OCR
202504,0,100008638596,EARLY CHURN,CMP
202504,42,1214942094,EARLY CHURN,OCR
202504,1,100008885427,EARLY CHURN,OCR
202412,468,100007615342,CORE CHURN,CMP
202412,0,100008500577,EARLY CHURN,OCR
202503,72,100007079033,CORE CHURN,OCR
202505,93,L2101985563,CORE CHURN,CMP
202505,81,100007504141,CORE CHURN,OCR
202504,99,100007919924,CORE CHURN,CMP
202504,86,100006257946,CORE CHURN,CMP
202505,71,1425418710,CORE CHURN,OCR
202501,1,100006148126,EARLY CHURN,OCR
202505,70,100008598856,EARLY CHURN,CMP
202504,62,100008497948,EARLY CHURN,CMP
202505,20,100006393859,CORE CHURN,CMP
202505,0,100008909558,EARLY CHURN,OCR
202504,40,100007047881,CORE CHURN,CMP
202503,58,100007501951,CORE CHURN,CMP
202505,95,100000583371,CORE CHURN,OCR
202504,79,100007801824,CORE CHURN,CMP
202501,47,100007062081,CORE CHURN,CMP
202503,44,100008232670,CORE CHURN,CMP
202501,14,100007744139,CORE CHURN,CMP
202504,46,100008511326,EARLY CHURN,OCR
202505,29,100008768836,EARLY CHURN,CMP
202503,77,100008512369,EARLY CHURN,OCR
202504,1,100005045552,CORE CHURN,OCR
202504,55,100008640417,EARLY CHURN,OCR
202503,54,100008504445,EARLY CHURN,CMP
202505,7,100008767094,EARLY CHURN,CMP
202503,87,100008087458,CORE CHURN,OCR
202505,41,100008660435,EARLY CHURN,CMP
202412,615,100005422195,EARLY CHURN,CMP
202504,67,100006120888,CORE CHURN,CMP
202505,58,2106190639,CORE CHURN,CMP
202503,90,100003850033,CORE CHURN,OCR
202505,73,100003650996,CORE CHURN,CMP
202501,685,100005217379,CORE CHURN,CMP
202504,0,100008682163,EARLY CHURN,CMP
202501,678,100004028517,CORE CHURN,OCR
202505,81,100006418220,CORE CHURN,CMP
202502,494,100007040951,CORE CHURN,CMP
202504,17,100008594039,EARLY CHURN,OCR
202505,70,100007276645,CORE CHURN,OCR
202503,43,100007730807,CORE CHURN,CMP
202501,507,100006967720,CORE CHURN,OCR
202503,55,100004867560,CORE CHURN,CMP
202501,424,100006311779,CORE CHURN,OCR
202505,1,100005225345,EARLY CHURN,CMP
202505,64,100007723265,CORE CHURN,CMP
202502,529,100005296356,CORE CHURN,CMP
202503,1,100000973340,EARLY CHURN,CMP
202504,27,100008689897,EARLY CHURN,CMP
202503,60,100008753869,EARLY CHURN,OCR
202503,31,1685875163,CORE CHURN,OCR
202504,2,2104034333,EARLY CHURN,CMP
202505,49,100008646849,EARLY CHURN,CMP
202504,0,100004672394,EARLY CHURN,CMP
202505,0,100008781311,EARLY CHURN,CMP
202501,7,100006727362,CORE CHURN,CMP
202501,28,100007708934,CORE CHURN,OCR
202504,41,100008653314,EARLY CHURN,CMP
202503,63,100005436883,CORE CHURN,OCR
202502,418,100004096684,CORE CHURN,CMP
202504,11,100008515727,EARLY CHURN,CMP
202504,1,100008663982,EARLY CHURN,CMP
202504,89,100007974899,CORE CHURN,CMP
202501,40,100004324344,CORE CHURN,OCR
202505,0,2107138053,EARLY CHURN,OCR
202504,57,100008536771,EARLY CHURN,CMP
202504,80,100008610133,EARLY CHURN,CMP
202504,13,100004696300,EARLY CHURN,OCR
202504,2,100007367089,CORE CHURN,CMP
202505,1,L1556332007,EARLY CHURN,CMP
202505,59,100005735962,CORE CHURN,OCR
202505,0,100008775871,EARLY CHURN,CMP
202502,0,100007323040,CORE CHURN,OCR
202504,57,100003784392,CORE CHURN,OCR
202503,78,100008412637,EARLY CHURN,CMP
202504,17,2107488532,CORE CHURN,OCR
202502,11,2100847819,CORE CHURN,OCR
202412,42,100002743034,CORE CHURN,CMP
202501,581,100004363631,CORE CHURN,CMP
202505,86,100004164356,CORE CHURN,CMP
202504,43,100006970976,EARLY CHURN,CMP
202504,65,100008617274,EARLY CHURN,CMP
202504,7,100007857316,CORE CHURN,CMP
202503,26,100006756736,EARLY CHURN,CMP
202504,66,100008746128,EARLY CHURN,OCR
202502,514,100004512325,CORE CHURN,CMP
202505,65,100007606080,CORE CHURN,CMP
202502,405,100007938800,CORE CHURN,CMP
202503,60,100008355718,EARLY CHURN,CMP
202412,460,100004783890,CORE CHURN,CMP
202501,14,2107556532,CORE CHURN,CMP
202503,0,2106810305,CORE CHURN,OCR
202504,4,100008310291,CORE CHURN,CMP
202503,47,100008646345,EARLY CHURN,OCR
202501,4,100008262718,EARLY CHURN,CMP
202504,42,100008915810,EARLY CHURN,OCR
202504,0,100008607285,EARLY CHURN,CMP
202412,442,100002578850,CORE CHURN,CMP
202504,88,100006459185,CORE CHURN,CMP
202504,15,100008737955,EARLY CHURN,OCR
202505,50,100008728566,EARLY CHURN,CMP
202503,87,100008478800,EARLY CHURN,CMP
202504,1,100008587164,EARLY CHURN,OCR
202504,13,1523242537,EARLY CHURN,CMP
202502,583,100008354151,EARLY CHURN,OCR
202505,68,100002822552,CORE CHURN,OCR
202504,54,100008467757,EARLY CHURN,CMP
202504,1,100008657813,EARLY CHURN,CMP
202504,99,100008498411,EARLY CHURN,CMP
202504,76,100008631950,EARLY CHURN,CMP
202502,12,100005284362,CORE CHURN,OCR
202505,6,1212735783,EARLY CHURN,OCR
202503,4,100008496686,EARLY CHURN,CMP
202505,0,L1533537380,EARLY CHURN,CMP
202505,86,100008685909,EARLY CHURN,CMP
202412,551,100006758763,CORE CHURN,CMP
202502,408,100007831711,CORE CHURN,CMP
202505,63,100003992384,EARLY CHURN,CMP
202505,86,100008453946,CORE CHURN,CMP
202505,31,100008785305,EARLY CHURN,CMP
202505,72,100008605847,EARLY CHURN,CMP
202504,0,100008593193,EARLY CHURN,CMP
202502,474,100008276135,EARLY CHURN,CMP
202505,78,100008040821,CORE CHURN,CMP
202412,1,100007963000,EARLY CHURN,OCR
202503,96,100005439292,CORE CHURN,CMP
202412,441,100003731905,CORE CHURN,OCR
202502,644,100008101099,CORE CHURN,CMP
202505,98,100007443382,CORE CHURN,OCR
202505,91,100008366090,EARLY CHURN,CMP
202505,1,100008801495,EARLY CHURN,CMP
202504,43,100008932654,EARLY CHURN,OCR
202504,64,100003477648,CORE CHURN,OCR
202412,491,100007903274,CORE CHURN,CMP
202504,0,100008654342,EARLY CHURN,CMP
202412,43,100007486285,CORE CHURN,CMP
202505,0,100008772886,EARLY CHURN,CMP
202502,544,100007507651,CORE CHURN,CMP
202502,428,100004016856,CORE CHURN,OCR
202501,654,100005947753,CORE CHURN,OCR
202503,67,100007452364,CORE CHURN,CMP
202502,667,100007583645,CORE CHURN,CMP
202504,0,100008710872,EARLY CHURN,CMP
202505,54,1622876244,CORE CHURN,OCR
202505,3,100008806232,EARLY CHURN,CMP
202505,48,100008648136,EARLY CHURN,CMP
202503,72,100008348530,EARLY CHURN,CMP
202504,69,1216941711,CORE CHURN,CMP
202503,37,100008887779,EARLY CHURN,OCR
202501,409,100005911718,CORE CHURN,CMP
202412,0,100007534516,CORE CHURN,CMP
202504,89,100000900533,CORE CHURN,OCR
202504,37,100008046228,CORE CHURN,CMP
202412,458,100005728983,CORE CHURN,CMP
202503,73,100008376324,EARLY CHURN,CMP
202502,24,100008307030,EARLY CHURN,CMP
202503,0,100002984728,CORE CHURN,CMP
202412,618,100006098133,CORE CHURN,CMP
202504,63,100008403341,EARLY CHURN,CMP
202412,4,100007496725,CORE CHURN,CMP
202501,457,100007555649,CORE CHURN,CMP
202412,619,100007659144,CORE CHURN,CMP
202504,56,100008579431,EARLY CHURN,CMP
202503,33,100008025771,CORE CHURN,CMP
202503,96,100008339539,EARLY CHURN,CMP
202505,95,100007793845,CORE CHURN,OCR
202412,0,100004575936,CORE CHURN,OCR
202503,98,100006585884,EARLY CHURN,OCR
202505,13,100008827038,EARLY CHURN,CMP
202504,59,100008541754,EARLY CHURN,CMP
202503,0,100008522349,EARLY CHURN,CMP
202504,2,1523259993,EARLY CHURN,OCR
202505,22,100009059130,EARLY CHURN,OCR
202503,94,100008434937,EARLY CHURN,CMP
202412,46,100006775884,CORE CHURN,CMP
202502,6,100007402922,CORE CHURN,OCR
202501,428,100008001815,CORE CHURN,CMP
202501,473,2100879761,CORE CHURN,OCR
202505,20,100008721039,EARLY CHURN,CMP
202504,0,2107205800,EARLY CHURN,OCR
202503,89,100008319804,EARLY CHURN,CMP
202412,549,100006242057,CORE CHURN,OCR
202501,448,100005504077,CORE CHURN,CMP
202505,54,100008336727,CORE CHURN,CMP
202503,13,100008309280,EARLY CHURN,OCR
202412,665,100006444539,CORE CHURN,CMP
202501,10,100007038289,CORE CHURN,OCR
202502,450,100004054610,CORE CHURN,CMP
202505,74,100008681105,EARLY CHURN,CMP
202501,48,100007366944,CORE CHURN,CMP
202503,54,100008729852,EARLY CHURN,OCR
202504,60,L1514425591,CORE CHURN,OCR
202503,73,100007086227,CORE CHURN,CMP
202503,3,100008517893,EARLY CHURN,CMP
202503,45,100008447020,EARLY CHURN,CMP
202501,450,100004399101,CORE CHURN,CMP
202505,99,100008540797,EARLY CHURN,CMP
202505,94,1946816119,CORE CHURN,OCR
202504,23,100007732185,CORE CHURN,CMP
202504,34,100007970171,CORE CHURN,CMP
202505,66,100008585616,EARLY CHURN,CMP
202503,48,100008524783,EARLY CHURN,CMP
202505,99,100008709633,EARLY CHURN,OCR
202504,34,100004764543,CORE CHURN,CMP
202501,22,100007123014,CORE CHURN,OCR
202503,0,100007581452,CORE CHURN,OCR
202501,589,100008252854,EARLY CHURN,CMP
202505,0,2102332460,EARLY CHURN,OCR
202502,49,100004672561,CORE CHURN,OCR
202504,74,100008476808,EARLY CHURN,CMP
202501,531,100008060315,EARLY CHURN,CMP
202503,1,100007826591,CORE CHURN,CMP
202505,13,100008684344,EARLY CHURN,CMP
202501,0,100003991840,CORE CHURN,OCR
202504,50,100008609394,EARLY CHURN,CMP
202505,37,100008318574,CORE CHURN,CMP
202501,9,2101254615,CORE CHURN,OCR
202504,50,1946811110,CORE CHURN,CMP
202501,610,100005999810,CORE CHURN,OCR
202412,557,1427562631,CORE CHURN,OCR
202503,89,100003816595,CORE CHURN,CMP
202504,76,100008103554,CORE CHURN,CMP
202503,20,100007381236,CORE CHURN,OCR
202504,0,1426309282,EARLY CHURN,OCR
202503,0,100008458141,EARLY CHURN,OCR
202504,82,100005627526,CORE CHURN,CMP
202502,2,1222781161,EARLY CHURN,CMP
202504,12,100008622014,EARLY CHURN,CMP
202504,92,100004222357,CORE CHURN,OCR
202503,70,100008354168,EARLY CHURN,CMP
202503,74,100008445997,EARLY CHURN,CMP
202502,455,100007954138,CORE CHURN,CMP
202505,0,100000785553,CORE CHURN,CMP
202505,95,100008518576,EARLY CHURN,CMP
202504,73,100006752177,CORE CHURN,CMP
202505,61,100006170067,CORE CHURN,CMP
202504,20,100008748232,EARLY CHURN,OCR
202504,98,100008730805,EARLY CHURN,OCR
202501,33,100001554786,CORE CHURN,CMP
202503,63,100003895857,CORE CHURN,CMP
202505,52,100008211526,CORE CHURN,CMP
202505,70,100005363434,CORE CHURN,CMP
202503,61,100006849092,CORE CHURN,CMP
202501,20,1216902598,CORE CHURN,OCR
202412,533,100006733186,CORE CHURN,CMP
202503,16,100008288811,EARLY CHURN,CMP
202505,25,100007886174,EARLY CHURN,CMP
202412,2,100005865920,CORE CHURN,CMP
202505,15,100008719435,EARLY CHURN,CMP
202505,65,100004485157,CORE CHURN,CMP
202504,25,100006277589,CORE CHURN,CMP
202501,636,100003184343,CORE CHURN,OCR
202502,28,1608363096,CORE CHURN,OCR
202502,626,100004170781,CORE CHURN,OCR
202501,476,100006799435,CORE CHURN,CMP
202504,71,100007376934,CORE CHURN,OCR
202503,99,100003815727,EARLY CHURN,OCR
202504,3,100008468146,EARLY CHURN,OCR
202503,91,100004779381,CORE CHURN,OCR
202412,560,100006016815,CORE CHURN,CMP
202504,88,100006819699,CORE CHURN,CMP
202502,33,2103171528,CORE CHURN,OCR
202505,95,100008675399,EARLY CHURN,OCR
202504,33,100005706301,CORE CHURN,CMP
202503,60,100006697882,CORE CHURN,OCR
202504,72,100007378561,CORE CHURN,OCR
202505,0,100006002154,CORE CHURN,OCR
202503,1,1216619853,EARLY CHURN,CMP
202504,21,100008566011,EARLY CHURN,CMP
202412,517,1418783469,CORE CHURN,CMP
202501,454,100006854740,CORE CHURN,CMP
202503,35,L1212438281,CORE CHURN,OCR
202504,4,100005950638,EARLY CHURN,CMP
202504,0,100008661623,EARLY CHURN,CMP
202504,13,100008665855,EARLY CHURN,CMP
202503,82,100004698140,CORE CHURN,CMP
202504,80,100007121401,CORE CHURN,OCR
202503,9,100008413903,EARLY CHURN,OCR
202505,1,1945822010,CORE CHURN,CMP
202504,23,100006541963,CORE CHURN,CMP
202505,3,100008878476,EARLY CHURN,OCR
202502,680,100007325628,CORE CHURN,CMP
202504,76,100008559394,EARLY CHURN,CMP
202504,1,2100417521,CORE CHURN,OCR
202504,79,100005498867,EARLY CHURN,CMP
202505,92,100007789281,CORE CHURN,OCR
202503,2,100008922294,EARLY CHURN,OCR
202503,78,100006398161,CORE CHURN,CMP
202505,19,100001396561,CORE CHURN,OCR
202504,58,1723651449,EARLY CHURN,OCR
202503,39,100008508602,EARLY CHURN,CMP
202503,87,100008212905,CORE CHURN,CMP
202501,498,100008304568,EARLY CHURN,OCR
202501,494,2104866989,CORE CHURN,OCR
202503,9,100008060658,EARLY CHURN,CMP
202501,10,100006618951,CORE CHURN,CMP
202501,632,100008237021,EARLY CHURN,CMP
202502,556,100007979312,CORE CHURN,CMP
202505,26,100009092028,EARLY CHURN,OCR
202504,45,100008633810,EARLY CHURN,CMP
202503,2,100005759569,CORE CHURN,CMP
202505,1,100008819392,EARLY CHURN,CMP
202505,0,100005759397,CORE CHURN,OCR
202505,30,100008817310,EARLY CHURN,CMP
202505,1,100002792677,EARLY CHURN,CMP
202503,90,100008247598,CORE CHURN,CMP
202501,594,100006270164,CORE CHURN,CMP
202504,31,100007394748,CORE CHURN,CMP
202502,433,100002349256,CORE CHURN,OCR
202503,79,100003451058,CORE CHURN,CMP
202412,521,L2106600229,CORE CHURN,CMP
202505,35,100009056657,EARLY CHURN,OCR
202503,0,100008532035,EARLY CHURN,CMP
202504,94,100006515089,CORE CHURN,CMP
202501,41,100005960136,CORE CHURN,OCR
202505,14,100008806650,EARLY CHURN,CMP
202505,65,100008688798,EARLY CHURN,CMP
202503,51,100002605238,CORE CHURN,OCR
202505,96,100008230339,CORE CHURN,CMP
202412,457,100008155332,EARLY CHURN,CMP
202504,42,100008429809,EARLY CHURN,CMP
202505,2,100008790420,EARLY CHURN,CMP
202505,0,L1930000136,CORE CHURN,OCR
202504,19,100008590407,EARLY CHURN,CMP
202503,88,100008321464,EARLY CHURN,CMP
202412,0,100008235133,EARLY CHURN,OCR
202505,0,100009102218,EARLY CHURN,OCR
202504,0,100008709133,EARLY CHURN,CMP
202505,84,100008128938,CORE CHURN,CMP
202503,95,100006874458,CORE CHURN,OCR
202505,61,100006278787,CORE CHURN,CMP
202502,0,100006559004,CORE CHURN,OCR
202503,0,100008544832,EARLY CHURN,CMP
202504,37,100008646027,EARLY CHURN,CMP
202505,40,100000217335,CORE CHURN,CMP
202503,57,100008388302,EARLY CHURN,OCR
202504,3,100004090373,CORE CHURN,OCR
202503,53,100008244871,CORE CHURN,CMP
202505,7,1214391065,EARLY CHURN,OCR
202502,602,1912950853,CORE CHURN,CMP
202504,52,100007876131,CORE CHURN,CMP
202504,2,100008603029,EARLY CHURN,CMP
202503,94,100007948130,CORE CHURN,CMP
202504,77,100008796496,EARLY CHURN,OCR
202502,555,100006727328,CORE CHURN,CMP
202505,56,100008241021,CORE CHURN,OCR
202503,74,2107083368,EARLY CHURN,OCR
202505,11,2106663497,CORE CHURN,CMP
202503,44,L1483795395,CORE CHURN,CMP
202503,6,100008495466,EARLY CHURN,CMP
202505,0,100008757921,EARLY CHURN,CMP
202502,50,100005494186,CORE CHURN,OCR
202412,0,2102501463,EARLY CHURN,OCR
202412,36,100007658690,CORE CHURN,CMP
202505,71,100008575712,EARLY CHURN,CMP
202504,94,100007347534,CORE CHURN,CMP
202501,428,100008500944,EARLY CHURN,OCR
202501,441,2100781279,CORE CHURN,OCR
202412,491,100007718271,CORE CHURN,CMP
202504,42,2102072408,CORE CHURN,OCR
202504,0,2103407201,CORE CHURN,OCR
202505,51,100007162034,CORE CHURN,CMP
202505,74,100007567737,CORE CHURN,CMP
202502,566,100007529745,CORE CHURN,CMP
202504,0,100008676833,EARLY CHURN,CMP
202505,8,2107205041,CORE CHURN,OCR
202505,69,100008474754,CORE CHURN,CMP
202504,54,100008458413,EARLY CHURN,CMP
202503,60,100008481154,EARLY CHURN,CMP
202504,22,100008036210,CORE CHURN,CMP
202502,5,100008798915,EARLY CHURN,OCR
202505,1,100008786114,EARLY CHURN,CMP
202503,81,100008202903,CORE CHURN,CMP
202504,8,100008422832,EARLY CHURN,CMP
202504,7,100008709783,EARLY CHURN,OCR
202504,52,100007073717,CORE CHURN,CMP
202502,8,100005303068,CORE CHURN,CMP
202502,400,100008149007,EARLY CHURN,CMP
202503,1,100008645637,EARLY CHURN,OCR
202505,66,100008634683,EARLY CHURN,CMP
202412,406,100001837575,CORE CHURN,OCR
202505,94,100008570325,EARLY CHURN,CMP
202504,31,100006795846,CORE CHURN,CMP
202504,56,100008109271,EARLY CHURN,CMP
202503,56,100008438828,EARLY CHURN,CMP
202502,576,100008107775,CORE CHURN,CMP
202504,53,100005817557,CORE CHURN,OCR
202503,48,100008274048,EARLY CHURN,CMP
202502,700,100008180301,EARLY CHURN,CMP
202412,587,100001917137,CORE CHURN,OCR
202505,0,100008761913,EARLY CHURN,CMP
202503,23,100008393145,EARLY CHURN,CMP
202505,7,100007701325,CORE CHURN,CMP
202412,5,100007327693,CORE CHURN,CMP
202504,1,100005750599,EARLY CHURN,CMP
202504,64,100005620907,CORE CHURN,CMP
202504,80,L1412697953,CORE CHURN,OCR
202412,499,100006183925,CORE CHURN,CMP
202501,0,100007035100,EARLY CHURN,CMP
202503,0,100006080726,EARLY CHURN,CMP
202504,29,2100269967,CORE CHURN,OCR
202505,54,100008551325,EARLY CHURN,CMP
202505,80,100008511276,EARLY CHURN,CMP
202503,0,100008378704,EARLY CHURN,CMP
202412,22,100007682591,CORE CHURN,CMP
202502,467,1515508463,CORE CHURN,OCR
202504,31,100006249664,CORE CHURN,CMP
202505,72,100008787355,EARLY CHURN,OCR
202504,20,100008457585,EARLY CHURN,CMP
202503,74,2105983664,CORE CHURN,CMP
202505,9,100000081296,EARLY CHURN,CMP
202502,573,100008232476,EARLY CHURN,CMP
202505,68,100004662795,CORE CHURN,OCR
202504,0,100008147718,EARLY CHURN,CMP
202505,71,100008716268,EARLY CHURN,CMP
202505,77,100008014565,CORE CHURN,CMP
202503,60,100007915657,CORE CHURN,CMP
202505,9,100008716577,EARLY CHURN,CMP
202503,29,100008510103,EARLY CHURN,CMP
202505,10,100009114028,EARLY CHURN,OCR
202504,1,100008663257,EARLY CHURN,CMP
202504,34,100008190303,CORE CHURN,CMP
202504,74,100007923080,CORE CHURN,OCR
202504,20,100008655257,EARLY CHURN,CMP
202412,508,100005533452,CORE CHURN,OCR
202503,1,100008605652,EARLY CHURN,CMP
202504,74,L2103686978,CORE CHURN,OCR
202505,2,100008786827,EARLY CHURN,CMP
202504,69,100003376862,CORE CHURN,CMP
202501,0,2102858136,EARLY CHURN,OCR
202503,0,100006661785,CORE CHURN,CMP
202503,10,2101146291,EARLY CHURN,CMP
202502,493,2100685776,CORE CHURN,OCR
202505,48,100008701435,EARLY CHURN,CMP
202501,39,1427970163,CORE CHURN,OCR
202502,655,100007308134,CORE CHURN,CMP
202503,77,100007757910,CORE CHURN,CMP
202505,38,100008742054,EARLY CHURN,CMP
202504,67,100005888410,CORE CHURN,OCR
202501,402,100007859768,CORE CHURN,OCR
202505,11,100008720556,EARLY CHURN,CMP
202503,7,100008597455,EARLY CHURN,CMP
202501,515,100005849059,CORE CHURN,CMP
202504,2,100005069034,CORE CHURN,CMP
202503,38,100005226532,CORE CHURN,OCR
202504,99,100008521177,EARLY CHURN,CMP
202503,38,100008548264,EARLY CHURN,CMP
202504,72,L1544626613,CORE CHURN,OCR
202505,75,100008517156,EARLY CHURN,CMP
202503,24,100007789296,EARLY CHURN,CMP
202505,82,100007367910,CORE CHURN,OCR
202505,31,100008606855,EARLY CHURN,CMP
202504,0,L1214967905,EARLY CHURN,CMP
202503,21,100008555057,EARLY CHURN,CMP
202504,77,100008577840,EARLY CHURN,CMP
202503,27,100006452240,CORE CHURN,OCR
202505,57,100008966010,EARLY CHURN,OCR
202504,47,100006738139,CORE CHURN,CMP
202505,63,100004713213,CORE CHURN,OCR
202502,30,100006668108,CORE CHURN,CMP
202505,60,100008586693,EARLY CHURN,OCR
202502,15,100008375467,EARLY CHURN,CMP
202504,56,100008423777,EARLY CHURN,CMP
202505,56,100008649208,EARLY CHURN,CMP
202503,85,100006498707,EARLY CHURN,OCR
202504,39,100008643978,EARLY CHURN,CMP
202505,6,100008791674,EARLY CHURN,CMP
202503,77,100008477773,EARLY CHURN,CMP
202504,71,100001250242,CORE CHURN,CMP
202503,62,100008461102,EARLY CHURN,CMP
202504,0,L1412691808,EARLY CHURN,CMP
202504,21,100008687934,EARLY CHURN,CMP
202502,531,100006295392,CORE CHURN,CMP
202505,42,100008780328,EARLY CHURN,CMP
202504,49,100008895267,EARLY CHURN,OCR
202502,455,100005513429,CORE CHURN,CMP
202505,95,100007108426,CORE CHURN,OCR
202504,36,100008548805,EARLY CHURN,CMP
202412,0,1427721665,CORE CHURN,OCR
202501,444,L2105770511,CORE CHURN,OCR
202504,30,100006776488,CORE CHURN,OCR
202412,43,100008075192,EARLY CHURN,CMP
202501,545,100004274166,CORE CHURN,OCR
202504,14,100003358827,EARLY CHURN,CMP
202503,43,100008146265,CORE CHURN,OCR
202503,64,100008363818,EARLY CHURN,OCR
202505,58,100000105109,CORE CHURN,OCR
202505,51,100004682225,CORE CHURN,CMP
202502,546,100008243996,EARLY CHURN,OCR
202503,0,100003614850,EARLY CHURN,CMP
202503,97,100008738180,EARLY CHURN,OCR
202504,2,L1477622467,EARLY CHURN,OCR
202504,84,100008590810,EARLY CHURN,CMP
202502,15,100008479063,EARLY CHURN,CMP
202503,74,100008538040,EARLY CHURN,CMP
202504,93,100007512755,EARLY CHURN,CMP
202503,20,100008547343,EARLY CHURN,CMP
202504,0,100008694120,EARLY CHURN,CMP
202505,35,100008140667,CORE CHURN,CMP
202502,8,100003367242,CORE CHURN,OCR
202502,411,100007504265,CORE CHURN,CMP
202412,0,100004955613,CORE CHURN,OCR
202503,93,100008474321,EARLY CHURN,CMP
202504,25,100008604572,EARLY CHURN,CMP
202505,30,100008805017,EARLY CHURN,CMP
202505,91,100003286759,CORE CHURN,CMP
202505,76,100008644612,EARLY CHURN,CMP
202504,78,2106661350,CORE CHURN,OCR
202505,64,100008361073,CORE CHURN,CMP
202501,33,100007642351,CORE CHURN,OCR
202503,76,100003494276,EARLY CHURN,CMP
202412,0,2102173999,EARLY CHURN,OCR
202505,78,100008660101,EARLY CHURN,CMP
202505,32,100003248430,CORE CHURN,OCR
202505,74,100008970615,EARLY CHURN,OCR
202505,0,100002246619,CORE CHURN,CMP
202502,0,2100180489,CORE CHURN,CMP
202503,7,100008465166,EARLY CHURN,CMP
202505,16,100008350138,CORE CHURN,CMP
202505,32,1212632372,CORE CHURN,OCR
202504,63,100008605242,EARLY CHURN,CMP
202505,26,100008853647,EARLY CHURN,OCR
202412,440,100006282992,CORE CHURN,OCR
202502,0,100008524070,EARLY CHURN,OCR
202412,450,100007594284,CORE CHURN,CMP
202504,49,100005839507,CORE CHURN,CMP
202502,521,100002814858,CORE CHURN,CMP
202502,523,100004851912,CORE CHURN,CMP
202504,0,100005832636,CORE CHURN,OCR
202503,0,100008921128,EARLY CHURN,OCR
202503,68,100007944873,CORE CHURN,CMP
202502,523,100006583598,CORE CHURN,CMP
202503,61,100008478469,EARLY CHURN,CMP
202505,84,100004846473,CORE CHURN,OCR
202505,73,100008439772,CORE CHURN,CMP
202412,474,2106667862,CORE CHURN,CMP
202412,466,100005990543,CORE CHURN,CMP
202504,14,100008681824,EARLY CHURN,CMP
202501,29,2107015845,CORE CHURN,OCR
202505,5,1553891741,CORE CHURN,OCR
202504,20,1426373526,CORE CHURN,CMP
202503,7,100008511993,EARLY CHURN,CMP
202504,0,1214927761,EARLY CHURN,OCR
202504,18,100008696544,EARLY CHURN,CMP
202505,75,100007934053,CORE CHURN,CMP
202505,23,100007921943,CORE CHURN,CMP
202502,13,1404555921,CORE CHURN,OCR
202503,78,100008313438,EARLY CHURN,CMP
202504,41,1544624306,EARLY CHURN,OCR
202503,66,100004683549,CORE CHURN,CMP
202502,458,100004044816,CORE CHURN,OCR
202503,81,100002587670,CORE CHURN,CMP
202412,494,100004068875,CORE CHURN,CMP
202502,544,100008220590,EARLY CHURN,CMP
202503,33,100008536462,EARLY CHURN,CMP
202505,25,1214824898,EARLY CHURN,CMP
202504,65,100003962717,CORE CHURN,OCR
202501,429,100008286835,EARLY CHURN,OCR
202504,62,100005203628,CORE CHURN,OCR
202503,14,100008548101,EARLY CHURN,CMP
202503,1,1214800405,EARLY CHURN,CMP
202503,55,100008764845,EARLY CHURN,OCR
202504,1,100008692085,EARLY CHURN,CMP
202504,80,100005092940,CORE CHURN,CMP
202505,84,100007417392,EARLY CHURN,CMP
202504,48,100008690575,EARLY CHURN,CMP
202504,51,100007485684,CORE CHURN,CMP
202503,36,100008124807,CORE CHURN,CMP
202505,27,100008784719,EARLY CHURN,CMP
202503,81,2103358931,CORE CHURN,CMP
202503,71,100008327635,EARLY CHURN,CMP
202501,529,100008197746,EARLY CHURN,CMP
202501,0,100008350455,EARLY CHURN,CMP
202505,1,100007599073,CORE CHURN,OCR
202502,625,1427595975,CORE CHURN,OCR
202502,564,100005952597,CORE CHURN,OCR
202505,83,100008795031,EARLY CHURN,OCR
202505,22,100008719738,EARLY CHURN,CMP
202505,10,100008792462,EARLY CHURN,CMP
202503,67,100008423191,EARLY CHURN,CMP
202501,462,100007605134,CORE CHURN,CMP
202504,12,100007565399,EARLY CHURN,CMP
202412,428,100003527161,CORE CHURN,CMP
202501,0,100008341704,EARLY CHURN,CMP
202504,65,100005442159,CORE CHURN,OCR
202503,20,100008566554,EARLY CHURN,CMP
202505,0,100006962931,CORE CHURN,OCR
202412,552,100007863695,CORE CHURN,CMP
202502,595,100006600107,CORE CHURN,CMP
202412,531,100005836910,CORE CHURN,OCR
202503,32,100002998731,CORE CHURN,CMP
202501,520,100008189510,EARLY CHURN,OCR
202505,42,100006849625,CORE CHURN,CMP
202505,72,100008589089,EARLY CHURN,CMP
202504,95,100007810244,CORE CHURN,CMP
202501,11,100005830111,CORE CHURN,CMP
202504,22,100008429380,EARLY CHURN,OCR
202505,77,2100176867,CORE CHURN,OCR
202501,0,100005522282,CORE CHURN,OCR
202504,54,100008390934,EARLY CHURN,CMP
202503,18,100008365862,EARLY CHURN,OCR
202504,42,100009009971,EARLY CHURN,OCR
202502,526,100007268633,CORE CHURN,CMP
202412,419,100008130370,EARLY CHURN,CMP
202501,0,100007725484,CORE CHURN,OCR
202501,1,100008069684,EARLY CHURN,CMP
202503,30,100007588777,CORE CHURN,OCR
202503,19,100006056216,CORE CHURN,OCR
202505,6,100006647454,CORE CHURN,CMP
202503,89,100008288014,EARLY CHURN,CMP
202505,35,100008592305,EARLY CHURN,OCR
202504,66,100007549790,CORE CHURN,CMP
202504,1,100008919044,EARLY CHURN,OCR
202505,4,2102391470,EARLY CHURN,CMP
202503,48,100008181693,CORE CHURN,CMP
202504,86,100001520525,CORE CHURN,CMP
202412,12,100002690192,CORE CHURN,OCR
202501,467,100008121708,EARLY CHURN,CMP
202412,29,100006904269,CORE CHURN,CMP
202501,467,100003370679,CORE CHURN,CMP
202501,419,100004333697,CORE CHURN,CMP
202505,72,100006901408,EARLY CHURN,CMP
202503,7,L1412656452,EARLY CHURN,CMP
202504,42,100008274958,CORE CHURN,CMP
202503,5,100004399087,EARLY CHURN,CMP
202503,27,1215842617,EARLY CHURN,CMP
202505,38,1427632518,CORE CHURN,OCR
202504,43,100008692143,EARLY CHURN,CMP
202504,31,100008665392,EARLY CHURN,CMP
202503,67,100008621875,EARLY CHURN,OCR
202501,462,100006963858,CORE CHURN,CMP
202501,39,100008300422,EARLY CHURN,OCR
202505,72,100005287006,CORE CHURN,CMP
202505,60,100008011185,CORE CHURN,CMP
202501,414,100006449324,CORE CHURN,CMP
202504,4,100008578291,EARLY CHURN,CMP
202503,42,100008495309,EARLY CHURN,CMP
202503,92,100007627714,CORE CHURN,OCR
202504,19,100008677432,EARLY CHURN,CMP
202505,24,100007791280,CORE CHURN,CMP
202505,19,100008750304,EARLY CHURN,CMP
202501,568,100007924248,CORE CHURN,CMP
202504,0,L1544650229,EARLY CHURN,CMP
202505,16,100008869976,EARLY CHURN,OCR
202501,23,100007745904,CORE CHURN,OCR
202505,48,100006264010,CORE CHURN,CMP
202504,10,100008456578,EARLY CHURN,CMP
202505,97,100000151928,CORE CHURN,OCR
202503,0,100008864889,EARLY CHURN,OCR
202412,580,100008119350,EARLY CHURN,CMP
202503,0,100006678277,CORE CHURN,CMP
202504,0,100008712575,EARLY CHURN,CMP
202505,58,100008502990,EARLY CHURN,OCR
202502,546,100006990536,CORE CHURN,CMP
202503,21,1214510856,EARLY CHURN,OCR
202504,61,100008508750,EARLY CHURN,CMP
202503,45,100008498789,EARLY CHURN,CMP
202504,12,100008588448,EARLY CHURN,CMP
202505,85,100008708095,EARLY CHURN,CMP
202505,53,100005122125,CORE CHURN,OCR
202505,90,1405460287,CORE CHURN,OCR
202504,31,100008733236,EARLY CHURN,OCR
202504,76,100008403985,EARLY CHURN,OCR
202501,580,2100237787,CORE CHURN,OCR
202505,31,100008738863,EARLY CHURN,CMP
202503,81,100007368347,CORE CHURN,CMP
202502,669,100007836015,CORE CHURN,OCR
202503,0,100007963254,CORE CHURN,CMP
202503,70,100007782312,CORE CHURN,CMP
202504,1,100008702277,EARLY CHURN,CMP
202503,74,100005332147,CORE CHURN,OCR
202505,44,100008691270,EARLY CHURN,CMP
202412,457,100006209266,CORE CHURN,OCR
202505,67,100007762669,CORE CHURN,CMP
202503,42,100008584822,EARLY CHURN,CMP
202412,448,100005287262,CORE CHURN,CMP
202504,59,100005705081,EARLY CHURN,OCR
202505,90,100008655311,EARLY CHURN,CMP
202505,31,100008782609,EARLY CHURN,CMP
202412,27,100005697983,CORE CHURN,CMP
202412,655,100007214828,CORE CHURN,OCR
202501,436,100008096421,EARLY CHURN,CMP
202504,99,100008475223,EARLY CHURN,CMP
202504,0,100002275607,CORE CHURN,OCR
202501,43,100008626776,EARLY CHURN,OCR
202505,57,100004772598,EARLY CHURN,CMP
202503,37,100007798879,CORE CHURN,CMP
202503,3,100008488494,EARLY CHURN,CMP
202412,488,100007580687,CORE CHURN,CMP
202505,48,100008867843,EARLY CHURN,OCR
202503,2,100008629450,EARLY CHURN,OCR
202505,1,100006166021,CORE CHURN,CMP
202503,28,100008592025,EARLY CHURN,OCR
202504,74,100007802232,CORE CHURN,CMP
202503,56,100005484189,CORE CHURN,CMP
202505,18,100008707289,EARLY CHURN,CMP
202501,16,100008245091,EARLY CHURN,CMP
202504,56,100007565993,CORE CHURN,CMP
202505,99,100008418797,CORE CHURN,OCR
202505,8,1427637191,CORE CHURN,OCR
202504,77,100008671487,EARLY CHURN,OCR
202505,40,100008498302,CORE CHURN,CMP
202504,45,100004738076,EARLY CHURN,CMP
202504,95,100004815305,CORE CHURN,OCR
202503,3,100008445441,EARLY CHURN,CMP
202412,0,1216616301,EARLY CHURN,CMP
202502,482,100006505250,CORE CHURN,CMP
202502,618,100007678316,CORE CHURN,CMP
202504,7,100007070157,CORE CHURN,OCR
202505,0,100009107001,EARLY CHURN,OCR
202504,1,100008673488,EARLY CHURN,CMP
202504,77,100008581698,EARLY CHURN,CMP
202503,50,100006811299,CORE CHURN,CMP
202504,88,100008586768,EARLY CHURN,CMP
202504,0,1215385967,EARLY CHURN,OCR
202503,87,100005693300,CORE CHURN,OCR
202503,20,100007857908,CORE CHURN,CMP
202504,20,100008982533,EARLY CHURN,OCR
202504,94,100004143377,CORE CHURN,CMP
202501,426,100006649662,CORE CHURN,OCR
202501,26,100005953748,CORE CHURN,CMP
202503,0,1214972771,EARLY CHURN,OCR
202504,18,100008476503,EARLY CHURN,OCR
202504,55,100008464716,EARLY CHURN,CMP
202412,36,100002983115,CORE CHURN,CMP
202412,561,100008140275,EARLY CHURN,CMP
202504,56,100008585358,EARLY CHURN,CMP
202503,18,100006943386,CORE CHURN,CMP
202505,20,100008668935,EARLY CHURN,CMP
202501,0,1533606618,EARLY CHURN,OCR
202505,26,100008628258,EARLY CHURN,CMP
202502,17,100005718219,CORE CHURN,CMP
202503,98,100008336967,EARLY CHURN,CMP
202412,29,100008181649,EARLY CHURN,CMP
202412,479,100007262695,CORE CHURN,OCR
202505,54,100008786852,EARLY CHURN,OCR
202504,55,100008378885,EARLY CHURN,CMP
202505,2,100008080337,CORE CHURN,CMP
202505,74,100008588396,EARLY CHURN,CMP
202505,12,100008805551,EARLY CHURN,CMP
202504,75,100006606640,CORE CHURN,CMP
202505,98,100007531534,EARLY CHURN,CMP
202504,55,100008419496,EARLY CHURN,CMP
202505,6,100007313745,CORE CHURN,CMP
202502,37,100003036940,CORE CHURN,OCR
202505,454,100007979589,CORE CHURN,CMP
202501,29,100004730898,CORE CHURN,CMP
202501,36,100007705585,CORE CHURN,CMP
202412,417,100004068450,CORE CHURN,CMP
202504,405,100006414650,EARLY CHURN,CMP
202501,450,1515502604,CORE CHURN,OCR
202412,0,1244360611,CORE CHURN,CMP
202504,21,100009009242,EARLY CHURN,OCR
202412,455,100007809868,CORE CHURN,CMP
202504,1,100007648980,CORE CHURN,CMP
202501,467,100001365641,CORE CHURN,OCR
202502,606,100007207340,CORE CHURN,CMP
202504,35,1212410579,CORE CHURN,OCR
202504,497,100007448514,CORE CHURN,CMP
202503,505,100001982287,CORE CHURN,OCR
202504,45,100008536305,EARLY CHURN,CMP
202505,16,100008926613,EARLY CHURN,OCR
202503,47,100008838103,EARLY CHURN,OCR
202412,1,100003229187,EARLY CHURN,CMP
202412,12,100003336186,CORE CHURN,OCR
202501,577,100004001831,CORE CHURN,CMP
202504,589,100007751576,CORE CHURN,CMP
202505,0,1553258748,EARLY CHURN,OCR
202412,489,100007765424,CORE CHURN,CMP
202504,1,100008675410,EARLY CHURN,CMP
202501,434,100004225070,EARLY CHURN,OCR
202504,18,100008625167,EARLY CHURN,OCR
202503,22,100005532459,CORE CHURN,OCR
202502,464,100005415722,CORE CHURN,OCR
202504,494,100008621093,EARLY CHURN,OCR
202502,678,100004201701,CORE CHURN,CMP
202412,31,1216633556,CORE CHURN,OCR
202505,640,100008415182,CORE CHURN,CMP
202412,621,100005716127,CORE CHURN,CMP
202501,11,100008197788,EARLY CHURN,CMP
202505,0,100009015483,EARLY CHURN,OCR
202505,24,L2106347169,CORE CHURN,OCR
202412,492,100008190820,EARLY CHURN,OCR
202504,4,100006503917,CORE CHURN,CMP
202503,28,100007388014,EARLY CHURN,CMP
202503,0,100008552323,EARLY CHURN,CMP
202501,0,1533608736,EARLY CHURN,OCR
202504,481,100006831364,CORE CHURN,CMP
202504,653,100007734674,CORE CHURN,CMP
202412,408,100007301947,CORE CHURN,OCR
202504,43,100007546654,CORE CHURN,CMP
202505,405,100008505078,EARLY CHURN,OCR
202501,499,100007549174,CORE CHURN,CMP
202504,0,100008832000,EARLY CHURN,OCR
202505,503,100006820397,CORE CHURN,OCR
202504,586,100004820447,CORE CHURN,OCR
202505,34,100008966148,EARLY CHURN,OCR
202412,411,100005662534,CORE CHURN,OCR
202504,3,100006321623,CORE CHURN,CMP
202504,49,100008556420,EARLY CHURN,CMP
202503,0,100008929475,EARLY CHURN,OCR
202501,37,1514442121,CORE CHURN,OCR
202503,416,100008431717,EARLY CHURN,CMP
202505,540,100007902469,CORE CHURN,CMP
202503,32,2102626675,EARLY CHURN,CMP
202503,449,100003833579,CORE CHURN,OCR
202412,39,100005194679,CORE CHURN,CMP
202503,493,100005772786,CORE CHURN,CMP
202503,476,100008524894,EARLY CHURN,OCR
202502,520,100007369966,CORE CHURN,OCR
202503,1,1553866117,EARLY CHURN,CMP
202503,583,100007953270,CORE CHURN,CMP
202505,404,100003350536,CORE CHURN,CMP
202505,6,1212720460,EARLY CHURN,OCR
202505,566,100004802890,CORE CHURN,CMP
202503,480,100008513793,EARLY CHURN,OCR
202501,621,100006930334,CORE CHURN,CMP
202505,426,100000024914,EARLY CHURN,OCR
202503,698,100006293291,CORE CHURN,CMP
202505,6,1214927821,EARLY CHURN,OCR
202504,427,100006980909,CORE CHURN,CMP
202412,443,100007714584,CORE CHURN,OCR
202412,0,1533523838,EARLY CHURN,OCR
202503,666,100004869792,CORE CHURN,CMP
202503,1,100008561091,EARLY CHURN,CMP
202504,7,100008475244,EARLY CHURN,OCR
202502,9,100005412211,CORE CHURN,CMP
202503,7,100006807776,CORE CHURN,OCR
202504,0,100004936234,CORE CHURN,CMP
202505,1,100008811577,EARLY CHURN,CMP
202503,424,100007817865,CORE CHURN,CMP
202503,0,100006020100,EARLY CHURN,CMP
202412,534,100007846115,CORE CHURN,CMP
202412,684,100007856522,CORE CHURN,CMP
202505,525,100008696276,EARLY CHURN,CMP
202505,4,100008720314,EARLY CHURN,CMP
202501,401,100003214018,CORE CHURN,CMP
202505,15,100008742386,EARLY CHURN,CMP
202502,1,100008433134,EARLY CHURN,CMP
202503,44,100008378708,EARLY CHURN,CMP
202501,1,100005984823,CORE CHURN,CMP
202505,7,100004452669,CORE CHURN,OCR
202412,10,2107120958,EARLY CHURN,OCR
202505,1,100008792097,EARLY CHURN,CMP
202505,39,100008756509,EARLY CHURN,CMP
202503,665,100008472823,EARLY CHURN,CMP
202503,665,1812442243,CORE CHURN,CMP
202412,478,100005441510,CORE CHURN,OCR
202501,565,2106884875,CORE CHURN,OCR
202502,591,100008365075,EARLY CHURN,CMP
202502,624,100007594752,CORE CHURN,CMP
202505,414,100008776858,EARLY CHURN,CMP
202504,435,100008660370,EARLY CHURN,OCR
202502,537,100007299890,CORE CHURN,CMP
202505,1,100008807601,EARLY CHURN,CMP
202503,0,100008600388,EARLY CHURN,CMP
202503,559,100008404501,EARLY CHURN,OCR
202412,472,100008142329,EARLY CHURN,CMP
202502,521,100006749301,CORE CHURN,OCR
202503,26,100004777170,CORE CHURN,CMP
202503,653,100008255019,EARLY CHURN,CMP
202504,661,100003924274,CORE CHURN,CMP
202502,44,100007976444,CORE CHURN,CMP
202504,476,100008188434,CORE CHURN,CMP
202505,16,100008555211,EARLY CHURN,CMP
202504,30,100006744782,CORE CHURN,CMP
202412,600,100006612433,CORE CHURN,CMP
202504,2,100008994234,EARLY CHURN,OCR
202502,17,100004568521,CORE CHURN,CMP
202504,617,100006903623,CORE CHURN,CMP
202504,494,100008031167,CORE CHURN,CMP
202504,36,100005145115,CORE CHURN,CMP
202412,4,100008221375,EARLY CHURN,CMP
202501,2,1212441470,EARLY CHURN,CMP
202504,445,100008414074,EARLY CHURN,CMP
202504,7,100008551726,EARLY CHURN,CMP
202504,0,100007159868,CORE CHURN,OCR
202504,23,100004139800,CORE CHURN,CMP
202504,12,100001323622,EARLY CHURN,OCR
202504,42,100008769863,EARLY CHURN,OCR
202502,0,1543540035,EARLY CHURN,CMP
202503,38,100006626993,CORE CHURN,CMP
202505,0,1533536136,EARLY CHURN,CMP
202505,1,100005758508,EARLY CHURN,CMP
202412,586,1946775606,CORE CHURN,OCR
202412,419,100004049028,CORE CHURN,CMP
202501,514,100001852669,CORE CHURN,CMP
202502,34,1427462588,CORE CHURN,OCR
202504,47,100008559341,EARLY CHURN,CMP
202412,447,100006449770,CORE CHURN,CMP
202501,37,1563810034,CORE CHURN,OCR
202505,1,100006972510,EARLY CHURN,CMP
202503,492,100008289625,EARLY CHURN,CMP
202505,0,100008828028,EARLY CHURN,CMP
202503,0,1214921631,CORE CHURN,OCR
202412,495,100005191815,CORE CHURN,OCR
202505,495,100008658237,EARLY CHURN,CMP
202503,1,100008569109,EARLY CHURN,CMP
202502,470,100006234461,CORE CHURN,CMP
202504,644,1614556863,CORE CHURN,OCR
202504,537,100006701460,CORE CHURN,OCR
202504,41,100008704212,EARLY CHURN,CMP
202503,37,100008073365,CORE CHURN,CMP
202503,516,100007814734,CORE CHURN,CMP
202505,455,100008738670,EARLY CHURN,CMP
202501,577,1512260626,CORE CHURN,OCR
202503,511,100008282071,EARLY CHURN,CMP
202505,3,100008742410,EARLY CHURN,CMP
202501,570,100004563129,CORE CHURN,CMP
202505,438,100007693902,CORE CHURN,OCR
202502,612,100005338640,CORE CHURN,CMP
202504,8,100008515569,EARLY CHURN,CMP
202412,7,100003242851,CORE CHURN,CMP
202502,501,100007121039,CORE CHURN,CMP
202505,30,100009092139,EARLY CHURN,OCR
202504,526,100007970704,CORE CHURN,CMP
202502,0,2102432703,CORE CHURN,OCR
202412,698,1544613832,CORE CHURN,CMP
202505,445,100007784833,CORE CHURN,CMP
202502,505,100000827607,CORE CHURN,OCR
202503,565,100006343620,CORE CHURN,CMP
202504,30,100008062720,CORE CHURN,CMP
202412,522,100005046261,CORE CHURN,CMP
202503,20,100007362110,CORE CHURN,CMP
202503,466,100008351682,EARLY CHURN,CMP
202504,13,100008551912,EARLY CHURN,CMP
202504,48,100008182897,CORE CHURN,CMP
202412,18,100008057366,EARLY CHURN,CMP
202502,471,100008128101,CORE CHURN,OCR
202505,2,100008806453,EARLY CHURN,CMP
202412,0,100008499437,EARLY CHURN,OCR
202505,34,100004443267,CORE CHURN,OCR
202503,417,100008403713,EARLY CHURN,CMP
202502,581,100004190807,CORE CHURN,OCR
202504,533,100008525306,EARLY CHURN,CMP
202501,22,100008342772,EARLY CHURN,CMP
202504,675,100008457918,EARLY CHURN,CMP
202504,1,100008694595,EARLY CHURN,CMP
202504,447,100008352747,EARLY CHURN,OCR
202502,434,100007928715,CORE CHURN,CMP
202505,11,100008767763,EARLY CHURN,CMP
202503,433,100007565381,CORE CHURN,CMP
202502,4,100008355346,EARLY CHURN,CMP
202504,34,100008659021,EARLY CHURN,CMP
202503,1,100004711359,CORE CHURN,OCR
202503,422,100005252625,CORE CHURN,CMP
202412,36,100008218333,EARLY CHURN,CMP
202505,633,100004473618,CORE CHURN,CMP
202504,22,100008603584,EARLY CHURN,CMP
202503,463,100008019623,CORE CHURN,OCR
202503,542,100008277143,EARLY CHURN,CMP
202505,415,100005616141,CORE CHURN,CMP
202502,19,100008438099,EARLY CHURN,CMP
202503,46,100007869987,CORE CHURN,CMP
202505,416,100008698820,EARLY CHURN,CMP
202502,32,100008458442,EARLY CHURN,CMP
202504,9,100008018385,CORE CHURN,CMP
202504,619,100008230229,CORE CHURN,CMP
202505,523,100004555232,CORE CHURN,CMP
202503,25,100008443689,EARLY CHURN,CMP
202502,527,100007382200,CORE CHURN,CMP
202503,8,100008916836,EARLY CHURN,OCR
202412,612,100008405522,EARLY CHURN,OCR
202504,15,100008530804,EARLY CHURN,CMP
202501,511,100008175857,EARLY CHURN,CMP
202503,429,100004687122,CORE CHURN,CMP
202412,0,100005518423,EARLY CHURN,CMP
202501,1,2105262599,EARLY CHURN,OCR
202504,690,100008922127,EARLY CHURN,OCR
202503,665,100003092160,CORE CHURN,OCR
202503,2,100007855247,CORE CHURN,CMP
202504,524,100008609671,EARLY CHURN,CMP
202502,18,100008367069,EARLY CHURN,CMP
202502,32,100005588111,CORE CHURN,CMP
202503,17,100008689991,EARLY CHURN,OCR
202504,426,100008428376,EARLY CHURN,CMP
202504,0,100008694234,EARLY CHURN,CMP
202505,43,1556602908,EARLY CHURN,CMP
202505,13,L2103665624,CORE CHURN,OCR
202504,500,100006087341,CORE CHURN,OCR
202501,593,100005064935,CORE CHURN,CMP
202502,424,100008567835,EARLY CHURN,OCR
202505,6,100004749565,CORE CHURN,CMP
202503,665,100008149671,CORE CHURN,CMP
202501,441,100003259499,CORE CHURN,CMP
202412,0,100006545728,CORE CHURN,CMP
202503,39,100008260287,CORE CHURN,CMP
202504,416,100000633230,CORE CHURN,CMP
202504,15,100008468917,EARLY CHURN,CMP
202504,685,100008611771,EARLY CHURN,CMP
202412,5,100000336344,CORE CHURN,OCR
202504,532,100004387694,CORE CHURN,OCR
202504,14,100007697039,CORE CHURN,CMP
202505,17,100007860780,CORE CHURN,CMP
202503,411,100008454876,EARLY CHURN,CMP
202504,0,100001654788,CORE CHURN,OCR
202503,576,100008274872,EARLY CHURN,CMP
202505,16,100007767291,CORE CHURN,CMP
202504,538,100008461066,EARLY CHURN,CMP
202504,0,100008685058,EARLY CHURN,OCR
202502,50,100008445364,EARLY CHURN,CMP
202504,673,100005697357,CORE CHURN,CMP
202505,422,100001807759,CORE CHURN,OCR
202502,516,100005184525,CORE CHURN,OCR
202504,45,100005746120,CORE CHURN,OCR
202504,41,100008922873,EARLY CHURN,OCR
202503,567,100006237173,CORE CHURN,CMP
202503,26,100008585635,EARLY CHURN,CMP
202503,50,100008478685,EARLY CHURN,CMP
202412,685,100006483994,CORE CHURN,CMP
202505,421,1427657374,EARLY CHURN,OCR
202412,683,100008309854,EARLY CHURN,OCR
202502,440,100008055886,CORE CHURN,OCR
202501,435,100008171918,EARLY CHURN,CMP
202502,414,100008254128,EARLY CHURN,CMP
202501,410,100006299612,CORE CHURN,CMP
202504,43,100008625370,EARLY CHURN,CMP
202504,1,100008704120,EARLY CHURN,CMP
202503,432,100004271162,CORE CHURN,OCR
202412,444,100007698194,CORE CHURN,CMP
202503,34,100008480652,EARLY CHURN,CMP
202505,7,1216318877,EARLY CHURN,OCR
202503,547,100007766098,CORE CHURN,CMP
202504,20,100008673513,EARLY CHURN,CMP
202502,428,100006580390,CORE CHURN,CMP
202505,6,100007769628,CORE CHURN,CMP
202503,40,100007301330,CORE CHURN,CMP
202504,16,100007979791,EARLY CHURN,CMP
202503,36,100008884932,EARLY CHURN,OCR
202502,413,100007395862,CORE CHURN,CMP
202501,41,100004673397,CORE CHURN,OCR
202504,680,100005533741,CORE CHURN,CMP
202504,469,100008515721,EARLY CHURN,OCR
202505,6,100005077512,CORE CHURN,OCR
202503,0,2100059668,EARLY CHURN,CMP
202502,4,100008750121,EARLY CHURN,OCR
202502,31,100006458084,CORE CHURN,OCR
202504,604,100008452118,EARLY CHURN,CMP
202412,413,1427234177,CORE CHURN,CMP
202412,476,100005030366,CORE CHURN,OCR
202501,417,100007989586,CORE CHURN,CMP
202505,0,1812854488,CORE CHURN,OCR
202504,1,100008669504,EARLY CHURN,CMP
202504,488,100008502673,EARLY CHURN,CMP
202503,462,100008494757,EARLY CHURN,CMP
202501,404,100006975804,CORE CHURN,OCR
202502,36,100003436868,CORE CHURN,OCR
202504,29,100008531841,EARLY CHURN,CMP
202505,1,100008678284,EARLY CHURN,CMP
202504,498,100004608802,CORE CHURN,OCR
202501,598,L2102339074,CORE CHURN,OCR
202503,27,100006148196,CORE CHURN,CMP
202504,31,100008456141,EARLY CHURN,CMP
202502,5,100003096454,CORE CHURN,CMP
202503,479,100006308267,CORE CHURN,CMP
202504,6,100007313659,EARLY CHURN,CMP
202505,644,100007922263,CORE CHURN,OCR
202504,595,100008582226,EARLY CHURN,CMP
202504,50,100008552853,EARLY CHURN,CMP
202504,562,100002884263,EARLY CHURN,CMP
202503,0,100005862411,CORE CHURN,OCR
202504,549,100008417041,EARLY CHURN,OCR
202503,489,100007487862,CORE CHURN,CMP
202503,0,100003601834,CORE CHURN,OCR
202505,482,100008623646,EARLY CHURN,CMP
202504,0,100008716325,EARLY CHURN,CMP
202504,553,100008410813,EARLY CHURN,CMP
202412,407,100003483615,CORE CHURN,CMP
202505,2,100008788563,EARLY CHURN,CMP
202505,32,100008764875,EARLY CHURN,CMP
202504,49,100005795659,CORE CHURN,CMP
202502,16,100007721391,CORE CHURN,CMP
202502,0,100008478119,EARLY CHURN,CMP
202504,21,100008572032,EARLY CHURN,OCR
202501,555,100008168281,EARLY CHURN,CMP
202412,45,100004839476,CORE CHURN,CMP
202502,415,100008196968,EARLY CHURN,CMP
202502,440,100008404488,EARLY CHURN,CMP
202412,593,100008158986,EARLY CHURN,CMP
202501,15,1992890039,CORE CHURN,OCR
202504,530,100004730120,CORE CHURN,CMP
202504,686,2107159398,CORE CHURN,CMP
202412,428,100005561499,CORE CHURN,CMP
202503,0,100006379735,CORE CHURN,CMP
202501,490,100005339781,CORE CHURN,CMP
202503,22,100006776044,CORE CHURN,CMP
202503,42,100003484640,CORE CHURN,CMP
202505,696,100008526020,EARLY CHURN,CMP
202502,497,100008729749,EARLY CHURN,OCR
202505,48,100008686064,EARLY CHURN,CMP
202505,22,100008790204,EARLY CHURN,CMP
202503,426,100006252426,CORE CHURN,CMP
202505,46,100008804970,EARLY CHURN,CMP
202505,414,100008232609,CORE CHURN,CMP
202505,641,100005746622,CORE CHURN,CMP
202503,431,100007799347,CORE CHURN,CMP
202503,12,100007917140,CORE CHURN,CMP
202503,528,1556815957,CORE CHURN,OCR
202503,34,100007875815,CORE CHURN,CMP
202503,44,100002253544,CORE CHURN,CMP
202502,482,100002980410,CORE CHURN,CMP
202505,555,100008635495,EARLY CHURN,CMP
202504,555,100007932480,CORE CHURN,CMP
202504,419,100007878183,CORE CHURN,CMP
202502,23,100005283586,CORE CHURN,OCR
202504,6,1523259844,CORE CHURN,CMP
202412,39,100008136613,EARLY CHURN,CMP
202501,421,100007078989,CORE CHURN,OCR
202503,39,100007949811,CORE CHURN,OCR
202504,3,100008691949,EARLY CHURN,CMP
202504,683,100006713361,CORE CHURN,CMP
202501,420,100005972927,CORE CHURN,CMP
202502,528,100002610758,EARLY CHURN,CMP
202505,597,100004092435,CORE CHURN,CMP
202501,636,100007120680,CORE CHURN,CMP
202503,510,100003674448,CORE CHURN,OCR
202503,31,100008554632,EARLY CHURN,OCR
202505,467,100008531056,EARLY CHURN,CMP
202505,11,100008816094,EARLY CHURN,CMP
202505,29,2107176829,CORE CHURN,OCR
202412,33,100004354881,CORE CHURN,CMP
202504,29,100008535692,EARLY CHURN,CMP
202505,491,100008719406,EARLY CHURN,CMP
202505,0,1556601297,EARLY CHURN,CMP
202505,616,100006928623,CORE CHURN,CMP
202504,1,1992380774,EARLY CHURN,CMP
202505,24,100000624862,CORE CHURN,CMP
202504,47,100008546739,EARLY CHURN,OCR
202412,1,100008184460,EARLY CHURN,CMP
202412,0,100007263494,CORE CHURN,OCR
202503,17,100003435018,CORE CHURN,CMP
202503,0,100001985430,CORE CHURN,OCR
202501,0,100007788491,CORE CHURN,CMP
202505,41,100008709955,EARLY CHURN,CMP
202501,0,100008007086,CORE CHURN,CMP
202504,25,100008557659,EARLY CHURN,CMP
202504,428,100008411788,EARLY CHURN,CMP
202503,630,100008477393,EARLY CHURN,OCR
202501,669,100003397094,CORE CHURN,OCR
202504,479,100008187370,CORE CHURN,CMP
202503,37,100007925426,CORE CHURN,CMP
202502,459,100008743130,EARLY CHURN,OCR
202503,1,100008596871,EARLY CHURN,CMP
202412,432,100007613465,CORE CHURN,CMP
202505,573,100003958778,CORE CHURN,OCR
202504,518,L1916610807,CORE CHURN,CMP
202505,464,100002321659,CORE CHURN,CMP
202504,2,1212231173,EARLY CHURN,CMP
202505,0,2106125456,EARLY CHURN,OCR
202412,649,100004941008,CORE CHURN,CMP
202503,499,100006846808,CORE CHURN,OCR
202412,414,2102526467,CORE CHURN,OCR
202505,411,100008653510,EARLY CHURN,CMP
202504,426,100008418107,EARLY CHURN,CMP
202504,7,100008626699,EARLY CHURN,CMP
202504,0,100008526141,EARLY CHURN,OCR
202504,12,100008681481,EARLY CHURN,CMP
202502,15,2103184354,CORE CHURN,CMP
202503,699,100006507222,CORE CHURN,OCR
202504,640,100004804033,CORE CHURN,CMP
202503,402,100008510007,EARLY CHURN,CMP
202503,40,100008577426,EARLY CHURN,CMP
202505,0,100008820125,EARLY CHURN,CMP
202505,514,100008572594,EARLY CHURN,CMP
202501,45,100007217753,CORE CHURN,OCR
202504,8,100006052103,CORE CHURN,OCR
202504,33,100008378270,EARLY CHURN,CMP
202501,423,100007924321,CORE CHURN,CMP
202505,28,100007366576,CORE CHURN,CMP
202504,49,1515473203,CORE CHURN,CMP
202504,17,1214815326,EARLY CHURN,CMP
202503,0,100008606990,EARLY CHURN,CMP
202505,603,100005239724,CORE CHURN,OCR
202504,42,100006494387,CORE CHURN,OCR
202504,45,100008561596,EARLY CHURN,CMP
202412,542,100005648566,CORE CHURN,OCR
202504,24,100008663159,EARLY CHURN,CMP
202501,0,100006830960,CORE CHURN,OCR
202504,601,100006520852,CORE CHURN,CMP
202505,18,100007379033,CORE CHURN,CMP
202504,601,100008568176,EARLY CHURN,CMP
202504,47,100008668521,EARLY CHURN,CMP
202504,542,1235844180,CORE CHURN,CMP
202504,10,100008715153,EARLY CHURN,CMP
202501,11,1514673029,CORE CHURN,CMP
202504,37,100008405004,EARLY CHURN,CMP
202504,458,1512252012,EARLY CHURN,CMP
202504,10,1426306568,EARLY CHURN,CMP
202505,15,100008775171,EARLY CHURN,CMP
202504,0,100008246583,CORE CHURN,CMP
202505,11,100007414491,CORE CHURN,CMP
202502,406,100008190207,EARLY CHURN,CMP
202503,629,100007619116,CORE CHURN,CMP
202503,13,100007363449,EARLY CHURN,CMP
202502,671,100006600763,CORE CHURN,CMP
202503,677,2106212141,CORE CHURN,OCR
202505,529,100005184642,CORE CHURN,CMP
202503,32,100007263229,CORE CHURN,CMP
202503,689,2106762509,CORE CHURN,OCR
202505,535,100003633600,CORE CHURN,OCR
202503,27,100008430807,EARLY CHURN,OCR
202503,28,100007832366,CORE CHURN,CMP
202504,21,100001404968,EARLY CHURN,CMP
202412,46,100008183662,EARLY CHURN,CMP
202503,1,100005973612,CORE CHURN,OCR
202501,568,100002959990,CORE CHURN,CMP
202502,6,1214918737,EARLY CHURN,OCR
202504,0,100008687395,EARLY CHURN,CMP
202505,494,100007422956,CORE CHURN,CMP
202503,50,100008315667,EARLY CHURN,CMP
202503,540,100007407077,CORE CHURN,OCR
202504,582,100006907143,CORE CHURN,CMP
202505,627,100008457171,CORE CHURN,CMP
202503,1,100008472758,EARLY CHURN,CMP
202503,598,100000850790,CORE CHURN,OCR
202505,461,100002493257,CORE CHURN,OCR
202504,523,100007878741,CORE CHURN,CMP
202504,0,100008637051,EARLY CHURN,CMP
202504,34,100001790819,CORE CHURN,CMP
202505,453,100008503288,EARLY CHURN,CMP
202505,17,100007049789,CORE CHURN,CMP
202503,22,1912551288,CORE CHURN,OCR
202412,2,100007300528,CORE CHURN,CMP
202503,688,100008052694,CORE CHURN,OCR
202505,42,100008785620,EARLY CHURN,CMP
202412,460,100007275173,CORE CHURN,CMP
202504,688,100002173336,CORE CHURN,CMP
202505,421,100008647736,EARLY CHURN,CMP
202504,602,100008832034,EARLY CHURN,OCR
202504,40,100007799751,EARLY CHURN,CMP
202501,561,2103452292,CORE CHURN,OCR
202501,490,100008025116,CORE CHURN,CMP
202412,474,100008148378,EARLY CHURN,CMP
202502,12,100008291199,EARLY CHURN,OCR
202504,44,100008654552,EARLY CHURN,CMP
202505,11,100008712107,EARLY CHURN,CMP
202505,621,100008660120,EARLY CHURN,OCR
202504,23,100008668306,EARLY CHURN,CMP
202412,41,100005856080,EARLY CHURN,CMP
202501,33,100007872057,CORE CHURN,CMP
202505,602,100005278221,CORE CHURN,CMP
202504,0,100008720241,EARLY CHURN,CMP
202503,0,100006903715,CORE CHURN,OCR
202504,6,100004008804,CORE CHURN,CMP
202412,665,100008384829,EARLY CHURN,OCR
202504,658,100008605150,EARLY CHURN,OCR
202504,25,100008692672,EARLY CHURN,CMP
202503,0,100008530269,EARLY CHURN,CMP
202412,1,100008023990,EARLY CHURN,CMP
202504,32,100008940181,EARLY CHURN,OCR
202505,49,100006150051,CORE CHURN,CMP
202504,25,100007600511,CORE CHURN,CMP
202412,425,100007690673,CORE CHURN,CMP
202412,19,100008202949,EARLY CHURN,CMP
202504,0,2100221976,EARLY CHURN,CMP
202501,537,100004115805,CORE CHURN,CMP
202504,8,100008629055,EARLY CHURN,CMP
202501,19,1223640293,CORE CHURN,OCR
202505,37,100008632353,EARLY CHURN,CMP
202504,1,100008692498,EARLY CHURN,CMP
202505,467,100008523994,EARLY CHURN,CMP
202505,529,100008821498,EARLY CHURN,OCR
202503,4,100007592988,CORE CHURN,CMP
202505,25,1554224181,EARLY CHURN,OCR
202503,1,1553866379,EARLY CHURN,CMP
202503,11,100008500518,EARLY CHURN,CMP
202505,568,1427573423,CORE CHURN,OCR
202412,653,100008091678,EARLY CHURN,CMP
202504,15,100008699381,EARLY CHURN,CMP
202412,430,100007370266,EARLY CHURN,OCR
202503,0,2105880279,EARLY CHURN,OCR
202502,8,1515470065,EARLY CHURN,CMP
202504,689,100008271686,CORE CHURN,CMP
202503,5,100008497088,EARLY CHURN,CMP
202502,0,2107122880,EARLY CHURN,CMP
202503,409,100007118198,CORE CHURN,CMP
202501,515,100004084620,CORE CHURN,OCR
202505,0,100003504374,CORE CHURN,OCR
202501,31,L2106330434,CORE CHURN,OCR
202505,42,100008625705,EARLY CHURN,CMP
202504,32,100008596261,EARLY CHURN,CMP
202505,426,100008647323,EARLY CHURN,CMP
202505,563,100008517411,EARLY CHURN,OCR
202504,38,100008618953,EARLY CHURN,CMP
202504,25,2104445624,EARLY CHURN,CMP
202504,427,100006423919,CORE CHURN,CMP
202501,607,100008103136,EARLY CHURN,CMP
202504,37,100008053632,CORE CHURN,OCR
202412,2,2101879886,CORE CHURN,OCR
202505,17,100007675096,CORE CHURN,CMP
202505,434,100008335697,CORE CHURN,OCR
202501,0,100004858449,EARLY CHURN,CMP
202504,16,100008663810,EARLY CHURN,CMP
202503,5,100008280734,EARLY CHURN,CMP
202505,48,100008465824,CORE CHURN,CMP
202505,24,100008784079,EARLY CHURN,CMP
202502,664,100008337323,EARLY CHURN,CMP
202503,35,100008461674,EARLY CHURN,CMP
202412,478,100005643563,CORE CHURN,CMP
202501,652,100006646155,CORE CHURN,CMP
202503,1,1216363762,CORE CHURN,OCR
202505,0,100003243920,CORE CHURN,CMP
202501,18,100007488533,CORE CHURN,CMP
202412,622,100003954235,CORE CHURN,OCR
202503,16,1425431740,EARLY CHURN,CMP
202412,539,100007822832,CORE CHURN,CMP
202505,0,1214802671,EARLY CHURN,CMP
202503,545,100008395585,EARLY CHURN,OCR
202505,0,100006356077,EARLY CHURN,OCR
202505,484,100008675704,EARLY CHURN,CMP
202503,1,100005257442,EARLY CHURN,CMP
202412,445,1912218705,CORE CHURN,CMP
202503,10,100008795680,EARLY CHURN,OCR
202412,38,100006775100,CORE CHURN,CMP
202502,549,100006308650,CORE CHURN,CMP
202504,456,100008590692,EARLY CHURN,CMP
202504,636,100005042283,CORE CHURN,CMP
202503,14,100004154943,CORE CHURN,OCR
202505,442,100008943312,EARLY CHURN,OCR
202503,472,100005768078,CORE CHURN,CMP
202502,2,L2106811077,EARLY CHURN,CMP
202503,404,100006240211,CORE CHURN,CMP
202503,554,100004853814,CORE CHURN,CMP
202502,615,100005434695,CORE CHURN,OCR
202503,40,100008518512,EARLY CHURN,OCR
202501,42,100005746874,CORE CHURN,OCR
202504,415,100008372327,CORE CHURN,CMP
202504,23,2106239352,CORE CHURN,CMP
202503,0,100008481651,EARLY CHURN,OCR
202504,682,100005780062,CORE CHURN,OCR
202505,44,100008344235,CORE CHURN,CMP
202501,38,1214400380,CORE CHURN,OCR
202504,0,100008657889,EARLY CHURN,CMP
202503,400,100007439097,CORE CHURN,CMP
202504,0,100007759530,CORE CHURN,CMP
202502,1,100008386785,EARLY CHURN,CMP
202504,29,1233874646,CORE CHURN,CMP
202503,522,100008500162,EARLY CHURN,CMP
202504,537,100008438841,EARLY CHURN,CMP
202505,0,100008756345,EARLY CHURN,CMP
202501,10,1425762250,CORE CHURN,OCR
202503,489,100005707016,CORE CHURN,OCR
202503,39,100008204761,CORE CHURN,OCR
202504,0,100004272151,CORE CHURN,OCR
202505,430,100008726273,EARLY CHURN,CMP
202412,24,100008141551,EARLY CHURN,CMP
202505,27,100008789451,EARLY CHURN,CMP
202505,1,100004802497,EARLY CHURN,CMP
202504,664,1915853464,EARLY CHURN,CMP
202502,35,100007908013,CORE CHURN,CMP
202503,20,100008530563,EARLY CHURN,CMP
202505,1,2104033030,EARLY CHURN,OCR
202502,416,100008062846,CORE CHURN,CMP
202503,404,100007599160,CORE CHURN,CMP
202503,541,100006882038,CORE CHURN,CMP
202504,27,100008540085,EARLY CHURN,CMP
202503,49,100002700893,CORE CHURN,CMP
202504,3,100007917667,CORE CHURN,CMP
202505,0,100008788116,EARLY CHURN,CMP
202503,1,100008497672,EARLY CHURN,CMP
202505,420,100008646756,EARLY CHURN,CMP
202502,608,100008216705,EARLY CHURN,CMP
202505,433,100009014467,EARLY CHURN,OCR
202505,608,100008561339,EARLY CHURN,CMP
202412,498,100006979308,CORE CHURN,OCR
202501,494,100006477846,CORE CHURN,OCR
202505,638,1946755445,CORE CHURN,OCR
202505,555,100008108126,CORE CHURN,OCR
202505,474,100008613199,EARLY CHURN,OCR
202503,420,100000961431,CORE CHURN,OCR
202501,633,100008084044,EARLY CHURN,CMP
202412,411,L2107045129,CORE CHURN,OCR
202501,8,100007839484,CORE CHURN,CMP
202502,626,100007901430,CORE CHURN,CMP
202505,493,100002750433,CORE CHURN,CMP
202503,27,100003906907,CORE CHURN,OCR
202502,35,100007996919,CORE CHURN,CMP
202503,44,100008478750,EARLY CHURN,CMP
202504,681,100004622190,CORE CHURN,OCR
202505,648,100008578120,EARLY CHURN,CMP
202504,2,1214589796,CORE CHURN,OCR
202505,463,100007785133,CORE CHURN,CMP
202504,608,100003898702,CORE CHURN,CMP
202502,405,100008155093,EARLY CHURN,OCR
202505,508,100004396772,CORE CHURN,OCR
202504,615,100008520763,EARLY CHURN,CMP
202504,49,100007741057,EARLY CHURN,CMP
202501,2,100002079418,CORE CHURN,CMP
202505,540,100008658109,EARLY CHURN,CMP
202504,524,100007815865,EARLY CHURN,CMP
202501,464,100007502048,CORE CHURN,CMP
202504,401,100001046004,CORE CHURN,OCR
202504,40,100008584343,EARLY CHURN,CMP
202504,3,100007711618,CORE CHURN,CMP
202502,428,100003175896,CORE CHURN,CMP
202504,664,100008371510,EARLY CHURN,CMP
202504,0,100008682341,EARLY CHURN,CMP
202501,48,100008345463,EARLY CHURN,CMP
202501,477,100004090334,CORE CHURN,OCR
202503,15,100008444335,EARLY CHURN,CMP
202503,0,100005063890,CORE CHURN,CMP
202502,28,100007536431,CORE CHURN,OCR
202503,500,100008464659,EARLY CHURN,CMP
202504,569,100000380361,CORE CHURN,CMP
202501,47,100000801531,CORE CHURN,OCR
202502,489,2106310198,CORE CHURN,OCR
202502,541,100006686953,CORE CHURN,CMP
202502,458,100001077579,CORE CHURN,OCR
202504,17,100008492739,EARLY CHURN,OCR
202412,442,100006733902,CORE CHURN,CMP
202503,481,100008439167,EARLY CHURN,OCR
202502,402,100005073372,CORE CHURN,OCR
202412,509,100006162380,CORE CHURN,CMP
202501,408,100008050500,EARLY CHURN,CMP
202505,433,100007051993,CORE CHURN,CMP
202504,420,100005687437,CORE CHURN,OCR
202504,630,2101418641,CORE CHURN,OCR
202412,460,100008125116,EARLY CHURN,CMP
202504,453,1673353970,CORE CHURN,OCR
202504,32,100008597814,EARLY CHURN,CMP
202505,0,100008607754,EARLY CHURN,OCR
202504,699,100008401112,EARLY CHURN,CMP
202505,34,100000549381,CORE CHURN,CMP
202504,32,100004488229,CORE CHURN,CMP
202503,663,100008246354,CORE CHURN,OCR
202501,689,100002348853,CORE CHURN,OCR
202502,539,100004088672,CORE CHURN,OCR
202503,20,100008281076,EARLY CHURN,CMP
202503,41,100004141138,CORE CHURN,OCR
202502,665,100007299186,CORE CHURN,CMP
202503,20,100008485501,EARLY CHURN,CMP
202501,32,100005895072,CORE CHURN,CMP
202505,546,100007875970,CORE CHURN,CMP
202505,17,100008966565,EARLY CHURN,OCR
202503,434,100006858738,CORE CHURN,OCR
202504,44,100002270456,CORE CHURN,CMP
202504,597,100004427423,CORE CHURN,CMP
202504,529,100006657351,CORE CHURN,CMP
202412,451,100008101799,EARLY CHURN,CMP
202502,440,100007011640,CORE CHURN,CMP
202503,0,100006166507,CORE CHURN,OCR
202503,493,100008270917,EARLY CHURN,CMP
202503,44,100005361730,CORE CHURN,CMP
202503,531,100006379006,CORE CHURN,OCR
202505,29,100008698122,EARLY CHURN,CMP
202505,10,100008540322,EARLY CHURN,CMP
202502,548,100007052853,CORE CHURN,CMP
202504,17,100002402884,CORE CHURN,CMP
202505,600,100002427849,CORE CHURN,OCR
202504,2,100008679687,EARLY CHURN,CMP
202503,35,100008330749,EARLY CHURN,CMP
202501,466,100007182623,CORE CHURN,CMP
202501,0,100008711253,EARLY CHURN,OCR
202504,3,1995643038,CORE CHURN,OCR
202505,0,100002720737,CORE CHURN,CMP
202501,34,100007341175,CORE CHURN,OCR
202502,405,100006114219,CORE CHURN,OCR
202505,1,100008831482,EARLY CHURN,CMP
202501,0,100008355048,EARLY CHURN,CMP
202503,13,100002470500,CORE CHURN,OCR
202505,442,100008644599,EARLY CHURN,CMP
202504,19,100008682844,EARLY CHURN,CMP
202501,500,100005196669,CORE CHURN,OCR
202412,14,100005411062,CORE CHURN,CMP
202503,444,100008349751,EARLY CHURN,CMP
202501,449,100008340931,EARLY CHURN,OCR
202504,21,100008466695,EARLY CHURN,CMP
202505,0,1533523195,EARLY CHURN,CMP
202502,45,100007428319,CORE CHURN,CMP
202501,538,100006748212,CORE CHURN,CMP
202505,26,100008431157,CORE CHURN,CMP
202503,11,100006894928,EARLY CHURN,OCR
202505,11,100005938133,CORE CHURN,CMP
202501,48,L2107126206,CORE CHURN,CMP
202505,0,100008801265,EARLY CHURN,CMP
202503,0,100007797034,CORE CHURN,OCR
202505,531,100006908983,CORE CHURN,CMP
202501,2,100008609628,EARLY CHURN,OCR
202504,11,100008784100,EARLY CHURN,OCR
202505,16,100008614283,EARLY CHURN,CMP
202412,0,1215838442,EARLY CHURN,CMP
202504,489,100007752146,CORE CHURN,CMP
202504,25,100006900139,CORE CHURN,OCR
202504,47,100007505901,CORE CHURN,CMP
202502,14,100008798278,EARLY CHURN,OCR
202412,444,100004265684,CORE CHURN,OCR
202502,627,2107043585,CORE CHURN,OCR
202504,0,100008712842,EARLY CHURN,CMP
202503,11,100003141013,EARLY CHURN,OCR
202505,619,100005352423,CORE CHURN,CMP
202504,39,100008520476,EARLY CHURN,CMP
202505,0,2106590776,CORE CHURN,OCR
202504,11,100008608634,EARLY CHURN,CMP
202503,654,100007874132,CORE CHURN,OCR
202503,0,100006770029,EARLY CHURN,CMP
202504,485,100004321250,CORE CHURN,OCR
202505,1,100008806635,EARLY CHURN,CMP
202412,19,100008212529,EARLY CHURN,CMP
202412,431,100008393804,EARLY CHURN,OCR
202504,584,100008497007,EARLY CHURN,CMP
202502,605,100006515881,CORE CHURN,OCR
202503,9,100007248722,CORE CHURN,CMP
202504,573,100008601223,EARLY CHURN,CMP
202505,6,100008710897,EARLY CHURN,CMP
202503,419,100007903683,EARLY CHURN,CMP
202501,593,100007598234,CORE CHURN,OCR
202505,473,100008015061,CORE CHURN,OCR
202505,599,100008439157,CORE CHURN,CMP
202501,13,1553831500,EARLY CHURN,CMP
202504,451,100007373578,CORE CHURN,CMP
202412,1,100005674396,CORE CHURN,CMP
202412,681,100003546383,CORE CHURN,CMP
202504,43,100008543241,EARLY CHURN,CMP
202505,1,100008260025,EARLY CHURN,CMP
202504,37,100008598082,EARLY CHURN,CMP
202505,32,100008703465,EARLY CHURN,CMP
202504,18,100008642201,EARLY CHURN,CMP
202502,426,100008242176,EARLY CHURN,CMP
202504,3,100008573101,EARLY CHURN,CMP
202503,0,100003081433,EARLY CHURN,CMP
202505,675,100004900060,CORE CHURN,OCR
202505,0,100008768447,EARLY CHURN,OCR
202505,594,100008241213,CORE CHURN,CMP
202502,16,100008401451,EARLY CHURN,CMP
202505,487,L1514534695,CORE CHURN,CMP
202504,4,100008617724,EARLY CHURN,CMP
202412,671,100004079981,CORE CHURN,CMP
202502,49,100008574148,EARLY CHURN,OCR
202505,556,100008563395,EARLY CHURN,OCR
202502,16,100007062043,CORE CHURN,CMP
202503,29,100005888324,CORE CHURN,CMP
202504,545,1946727837,CORE CHURN,OCR
202502,13,100008543461,EARLY CHURN,OCR
202504,0,100008719756,EARLY CHURN,CMP
202412,419,100000870804,CORE CHURN,CMP
202503,33,100007010313,EARLY CHURN,CMP
202505,594,100008703677,EARLY CHURN,CMP
202501,607,2103329167,CORE CHURN,OCR
202505,676,100008589227,EARLY CHURN,CMP
202504,470,100005977261,CORE CHURN,OCR
202505,423,100008009967,CORE CHURN,OCR
202504,5,100008777296,EARLY CHURN,OCR
202504,639,100008543301,EARLY CHURN,OCR
202502,17,1212634818,CORE CHURN,OCR
202503,502,100006959051,CORE CHURN,CMP
202504,0,100002794297,EARLY CHURN,CMP
202505,512,100003996238,CORE CHURN,CMP
202504,537,100008641478,EARLY CHURN,CMP
202502,620,100006573612,CORE CHURN,CMP
202503,1,100008488610,EARLY CHURN,CMP
202412,690,100008086777,EARLY CHURN,CMP
202504,400,100008422672,EARLY CHURN,CMP
202501,567,100008126774,EARLY CHURN,CMP
202505,1,100005855807,CORE CHURN,CMP
202503,571,100008302445,EARLY CHURN,CMP
202503,502,L2100340737,EARLY CHURN,OCR
202504,1,1685786593,CORE CHURN,OCR
202504,27,100006322895,CORE CHURN,OCR
202504,16,100008674061,EARLY CHURN,CMP
202505,19,100008607144,EARLY CHURN,CMP
202505,43,100007568013,CORE CHURN,CMP
202505,465,1928612876,CORE CHURN,OCR
202503,42,100004372967,CORE CHURN,CMP
202503,415,100008410191,EARLY CHURN,CMP
202503,593,100008182805,CORE CHURN,CMP
202503,43,100006585984,EARLY CHURN,CMP
202503,458,100008359486,EARLY CHURN,CMP
202504,405,100008332805,CORE CHURN,OCR
202502,592,1812664954,CORE CHURN,OCR
202504,32,L1412639705,CORE CHURN,OCR
202505,38,100008525107,EARLY CHURN,CMP
202502,445,100007360136,CORE CHURN,OCR
202501,0,2106824196,CORE CHURN,CMP
202504,586,100004523757,CORE CHURN,OCR
202503,15,100008521341,EARLY CHURN,CMP
202505,473,100008106756,CORE CHURN,CMP
202504,585,100008578523,EARLY CHURN,CMP
202503,25,100006368576,EARLY CHURN,CMP
202503,18,100008273334,EARLY CHURN,CMP
202502,0,100005880460,CORE CHURN,CMP
202501,442,100007554282,CORE CHURN,CMP
202502,601,100004404390,CORE CHURN,CMP
202503,44,100008555008,EARLY CHURN,CMP
202503,0,1412610356,CORE CHURN,OCR
202503,425,2101874668,CORE CHURN,OCR
202505,596,100008606834,EARLY CHURN,CMP
202505,458,100004065189,CORE CHURN,CMP
202412,35,100008328608,EARLY CHURN,OCR
202504,503,100008627301,EARLY CHURN,CMP
202503,42,100008269170,EARLY CHURN,CMP
202501,500,100008055911,EARLY CHURN,CMP
202412,13,100008174880,EARLY CHURN,CMP
202502,426,100008571367,EARLY CHURN,OCR
202504,412,100007198387,EARLY CHURN,CMP
202505,10,100008002588,CORE CHURN,CMP
202503,38,100008538342,EARLY CHURN,CMP
202502,12,2106439983,EARLY CHURN,OCR
202505,41,100007922669,CORE CHURN,CMP
202503,606,100008385192,EARLY CHURN,CMP
202504,416,100008552969,EARLY CHURN,OCR
202505,609,100008680891,EARLY CHURN,CMP
202505,656,100004586592,CORE CHURN,OCR
202505,497,100008739049,EARLY CHURN,CMP
202501,12,100003301018,CORE CHURN,CMP
202501,502,100003659563,CORE CHURN,CMP
202505,7,100008820833,EARLY CHURN,CMP
202501,24,100008279684,EARLY CHURN,CMP
202504,652,100007480700,CORE CHURN,CMP
202412,523,100004303986,CORE CHURN,CMP
202502,403,100007081075,CORE CHURN,CMP
202412,492,100006383421,CORE CHURN,CMP
202501,5,100007567495,EARLY CHURN,OCR
202505,424,100008245879,CORE CHURN,CMP
202504,45,100008466137,EARLY CHURN,CMP
202503,0,100008565728,EARLY CHURN,OCR
202412,489,100007101667,CORE CHURN,CMP
202505,43,100006207144,CORE CHURN,OCR
202504,462,100007818825,CORE CHURN,CMP
202503,446,2106950659,CORE CHURN,OCR
202505,35,100008707311,EARLY CHURN,CMP
202502,467,100007973282,CORE CHURN,OCR
202502,414,100002486360,CORE CHURN,CMP
202504,458,100007632028,CORE CHURN,OCR
202503,8,100008451650,EARLY CHURN,CMP
202502,43,100003803949,CORE CHURN,CMP
202504,0,100000413947,CORE CHURN,OCR
202504,635,100008422287,EARLY CHURN,CMP
202505,405,1425805167,CORE CHURN,OCR
202504,437,100003002238,CORE CHURN,CMP
202503,43,100007936879,CORE CHURN,CMP
202501,654,100000154580,CORE CHURN,CMP
202505,424,100008725310,EARLY CHURN,CMP
202502,443,100007390410,CORE CHURN,CMP
202504,4,100008635823,EARLY CHURN,CMP
202503,39,100008414056,EARLY CHURN,CMP
202503,647,100008509198,EARLY CHURN,CMP
202501,604,100001782129,EARLY CHURN,CMP
202503,40,100008457717,EARLY CHURN,CMP
202503,536,100006510195,CORE CHURN,CMP
202504,35,100008439147,EARLY CHURN,CMP
202504,21,100008472403,EARLY CHURN,CMP
202505,25,100005387059,CORE CHURN,CMP
202504,12,100008938099,EARLY CHURN,OCR
202504,651,100008548980,EARLY CHURN,CMP
202505,435,100007003433,CORE CHURN,CMP
202503,582,100008383426,EARLY CHURN,CMP
202412,14,100006999550,CORE CHURN,CMP
202503,675,100004233934,CORE CHURN,CMP
202502,412,100008371937,EARLY CHURN,CMP
202505,462,100008728544,EARLY CHURN,CMP
202502,8,1995617244,CORE CHURN,OCR
202505,441,100008843927,EARLY CHURN,OCR
202505,419,100008713293,EARLY CHURN,CMP
202504,443,100008489447,EARLY CHURN,CMP
202504,507,100005562808,CORE CHURN,OCR
202412,605,100006671398,CORE CHURN,CMP
202502,660,100007631166,CORE CHURN,CMP
202504,657,1992334487,CORE CHURN,OCR
202505,34,100004854802,CORE CHURN,CMP
202504,22,2107265793,CORE CHURN,CMP
202504,0,100008951720,EARLY CHURN,OCR
202503,18,100006945280,CORE CHURN,CMP
202504,521,100008723289,EARLY CHURN,OCR
202502,453,100008140721,CORE CHURN,CMP
202505,531,100008725854,EARLY CHURN,CMP
202504,16,100008263454,CORE CHURN,CMP
202505,0,100008777926,EARLY CHURN,CMP
202504,406,100008566540,EARLY CHURN,CMP
202504,1,100000813742,EARLY CHURN,OCR
202503,46,100006133341,CORE CHURN,CMP
202504,43,100007284944,CORE CHURN,CMP
202504,20,100008678331,EARLY CHURN,CMP
202504,499,100002333756,CORE CHURN,CMP
202503,2,100008908395,EARLY CHURN,OCR
202504,461,100008195017,CORE CHURN,OCR
202505,483,100007446866,CORE CHURN,CMP
202505,38,100008393548,CORE CHURN,OCR
202505,602,100008213109,CORE CHURN,CMP
202505,572,100008703022,EARLY CHURN,OCR
202505,547,100004468383,CORE CHURN,CMP
202504,436,100003417310,CORE CHURN,OCR
202504,572,100008848437,EARLY CHURN,OCR
202502,406,100005151266,CORE CHURN,OCR
202501,479,100007749615,CORE CHURN,CMP
202501,39,100004827802,CORE CHURN,OCR
202503,47,100008458380,EARLY CHURN,CMP
202505,0,100004614886,CORE CHURN,OCR
202504,2,100006556269,CORE CHURN,CMP
202503,40,100008510589,EARLY CHURN,CMP
202503,3,100008040206,CORE CHURN,CMP
202412,603,100007734582,CORE CHURN,CMP
202504,417,100001171690,CORE CHURN,CMP
202505,0,100009014093,EARLY CHURN,OCR
202504,477,100007735598,CORE CHURN,CMP
202501,601,2107156771,CORE CHURN,OCR
202412,0,2101622428,EARLY CHURN,OCR
202502,513,100000928078,CORE CHURN,CMP
202505,4,100008804916,EARLY CHURN,CMP
202504,0,L1543584108,EARLY CHURN,OCR
202505,488,100005897285,CORE CHURN,OCR
202503,556,100005467340,CORE CHURN,OCR
202502,21,100000918322,CORE CHURN,OCR
202502,50,100006218794,CORE CHURN,CMP
202503,699,100008343229,EARLY CHURN,CMP
202505,8,100008779217,EARLY CHURN,CMP
202505,9,100008630452,EARLY CHURN,CMP
202505,19,100008508225,EARLY CHURN,OCR
202502,47,100006636824,CORE CHURN,CMP
202505,4,2105894701,EARLY CHURN,OCR
202505,422,100007765025,CORE CHURN,CMP
202503,30,100008422327,EARLY CHURN,CMP
202505,0,1533531901,EARLY CHURN,CMP
202501,30,100008462303,EARLY CHURN,OCR
202503,2,100007921592,CORE CHURN,CMP
202504,413,100008655007,EARLY CHURN,OCR
202504,424,100006099593,CORE CHURN,OCR
202504,472,100008163283,CORE CHURN,CMP
202504,412,100006523174,CORE CHURN,CMP
202505,2,100007384685,CORE CHURN,CMP
202501,404,100004947703,CORE CHURN,CMP
202505,582,100008601333,EARLY CHURN,CMP
202505,7,100008582912,EARLY CHURN,CMP
202504,2,100008403245,EARLY CHURN,CMP
202504,472,100008677199,EARLY CHURN,OCR
202503,8,100008494688,EARLY CHURN,CMP
202503,10,100008013773,CORE CHURN,CMP
202502,403,100006688811,CORE CHURN,OCR
202412,423,100007778108,CORE CHURN,CMP
202504,2,100008619619,EARLY CHURN,CMP
202502,425,100007858156,CORE CHURN,CMP
202505,47,100006953207,CORE CHURN,CMP
202502,15,100008290098,EARLY CHURN,CMP
202505,662,100008673347,EARLY CHURN,OCR
202504,0,100009018851,EARLY CHURN,OCR
202503,402,100008419232,EARLY CHURN,CMP
202504,441,100008318399,CORE CHURN,CMP
202503,33,2106230591,CORE CHURN,CMP
202505,694,100007759352,CORE CHURN,OCR
202504,1,2107459815,EARLY CHURN,OCR
202504,539,100005155014,CORE CHURN,CMP
202505,468,100000762528,CORE CHURN,CMP
202505,22,100008639098,EARLY CHURN,CMP
202412,12,100006108935,CORE CHURN,OCR
202504,492,100008598033,EARLY CHURN,CMP
202504,36,100008698204,EARLY CHURN,CMP
202412,476,100007329423,CORE CHURN,CMP
202505,495,100004498276,CORE CHURN,CMP
202505,1,100008775367,EARLY CHURN,CMP
202505,7,100008557653,EARLY CHURN,OCR
202504,11,100008615603,EARLY CHURN,CMP
202505,496,100004205914,CORE CHURN,OCR
202501,541,100003030415,CORE CHURN,CMP
202503,2,1946792486,EARLY CHURN,CMP
202502,543,100006806969,CORE CHURN,CMP
202504,437,100003297250,CORE CHURN,OCR
202412,435,100004622665,CORE CHURN,CMP
202412,21,100008201091,EARLY CHURN,CMP
202504,18,100008052280,CORE CHURN,OCR
202504,22,100008402642,EARLY CHURN,CMP
202501,533,100005381039,CORE CHURN,CMP
202412,10,100008170887,EARLY CHURN,CMP
202412,482,100007633943,CORE CHURN,CMP
202505,25,100007530678,CORE CHURN,CMP
202503,478,100007979841,CORE CHURN,CMP
202412,23,100005116521,CORE CHURN,CMP
202505,0,1214921732,EARLY CHURN,OCR
202501,421,100008063465,EARLY CHURN,OCR
202504,1,100008713514,EARLY CHURN,CMP
202505,421,100003569970,CORE CHURN,CMP
202503,22,100008435675,EARLY CHURN,CMP
202504,0,1512851167,EARLY CHURN,OCR
202502,40,100003097672,CORE CHURN,OCR
202504,37,100008607223,EARLY CHURN,CMP
202412,406,100006478821,CORE CHURN,OCR
202505,615,100007170835,CORE CHURN,CMP
202505,26,100008796748,EARLY CHURN,CMP
202501,581,100007097873,CORE CHURN,CMP
202505,6,100008576855,EARLY CHURN,CMP
202502,510,100007446848,CORE CHURN,CMP
202501,480,100006159796,CORE CHURN,CMP
202503,474,100001821770,CORE CHURN,OCR
202503,447,100008819598,EARLY CHURN,OCR
202502,474,100005491204,CORE CHURN,CMP
202504,15,100008513825,EARLY CHURN,CMP
202504,9,2100607291,EARLY CHURN,OCR
202505,0,100008831612,EARLY CHURN,CMP
202502,35,100006335974,CORE CHURN,OCR
202505,28,100007442930,CORE CHURN,CMP
202503,407,2103212124,CORE CHURN,OCR
202505,521,100008584666,EARLY CHURN,OCR
202504,4,100008558461,EARLY CHURN,CMP
202505,672,100008360631,CORE CHURN,CMP
202503,40,100008487056,EARLY CHURN,CMP
202504,40,100008598102,EARLY CHURN,CMP
202412,37,100006816288,CORE CHURN,CMP
202412,407,100004334105,CORE CHURN,OCR
202503,487,100000843446,CORE CHURN,OCR
202504,34,2105967084,CORE CHURN,CMP
202504,38,100008795010,EARLY CHURN,OCR
202503,413,100006988549,CORE CHURN,CMP
202503,38,100008519437,EARLY CHURN,CMP
202504,34,100007470746,CORE CHURN,OCR
202412,0,100008227986,EARLY CHURN,CMP
202505,452,100008719103,EARLY CHURN,CMP
202503,452,100008354568,EARLY CHURN,CMP
202504,4,100008679148,EARLY CHURN,CMP
202502,404,100007368738,CORE CHURN,CMP
202412,677,100003200987,CORE CHURN,CMP
202504,5,100008713807,EARLY CHURN,CMP
202504,28,100005104597,CORE CHURN,OCR
202504,15,100002551692,EARLY CHURN,CMP
202503,27,100004758788,CORE CHURN,OCR
202501,0,100008228589,EARLY CHURN,CMP
202505,554,100006081433,CORE CHURN,OCR
202501,33,1572701878,EARLY CHURN,OCR
202504,23,1673450289,CORE CHURN,CMP
202412,0,1214592423,EARLY CHURN,OCR
202502,402,1554211844,CORE CHURN,OCR
202501,6,100006301860,EARLY CHURN,CMP
202502,26,100001129897,EARLY CHURN,OCR
202504,1,L1412625525,EARLY CHURN,CMP
202504,46,100008631226,EARLY CHURN,CMP
202505,500,100007367210,CORE CHURN,CMP
202504,22,100008649341,EARLY CHURN,CMP
202502,414,2101313106,CORE CHURN,OCR
202502,666,100008193272,EARLY CHURN,CMP
202501,530,100008243569,EARLY CHURN,CMP
202504,0,100000186057,CORE CHURN,CMP
202505,20,1215881274,EARLY CHURN,OCR
202501,1,2106584509,CORE CHURN,OCR
202503,12,1553865099,EARLY CHURN,CMP
202502,465,100007500661,CORE CHURN,OCR
202503,4,100008487482,EARLY CHURN,CMP
202502,441,100008257883,EARLY CHURN,CMP
202504,428,100008568181,EARLY CHURN,CMP
202505,11,100008579893,EARLY CHURN,CMP
202504,11,100008495669,EARLY CHURN,CMP
202502,473,100008516904,EARLY CHURN,OCR
202505,29,100004348333,CORE CHURN,OCR
202504,662,100006848555,CORE CHURN,CMP
202504,13,100008429465,EARLY CHURN,CMP
202503,492,100001910277,CORE CHURN,OCR
202504,503,100008523808,EARLY CHURN,CMP
202503,42,100008592952,EARLY CHURN,OCR
202502,591,100004148909,CORE CHURN,OCR
202503,542,100006063103,EARLY CHURN,CMP
202502,412,100007312210,CORE CHURN,CMP
202502,668,100002619536,CORE CHURN,OCR
202412,0,100007758402,CORE CHURN,OCR
202503,12,100008583580,EARLY CHURN,CMP
202501,7,100007517505,CORE CHURN,CMP
202503,16,100008466189,EARLY CHURN,CMP
202501,528,100004770400,CORE CHURN,OCR
202505,668,100008159977,CORE CHURN,OCR
202503,579,100007706252,CORE CHURN,CMP
202503,24,2101300229,CORE CHURN,CMP
202501,474,100006445756,CORE CHURN,OCR
202502,1,100007747867,CORE CHURN,CMP
202502,21,100006249360,CORE CHURN,OCR
202502,440,100005116402,CORE CHURN,CMP
202505,14,100005390143,CORE CHURN,CMP
202504,504,100006084433,CORE CHURN,CMP
202412,17,1553885571,EARLY CHURN,CMP
202412,35,1685572263,CORE CHURN,OCR
202502,484,2101867447,CORE CHURN,OCR
202505,4,100008169087,CORE CHURN,OCR
202503,451,100006600679,CORE CHURN,CMP
202412,425,100004130230,CORE CHURN,OCR
202502,46,100008111697,CORE CHURN,CMP
202505,464,100008561189,EARLY CHURN,CMP
202502,16,100008807501,EARLY CHURN,OCR
202504,537,1812830886,CORE CHURN,CMP
202504,519,100005225610,CORE CHURN,CMP
202505,0,100002736719,EARLY CHURN,CMP
202504,34,100008517282,EARLY CHURN,CMP
202505,33,100004987666,CORE CHURN,CMP
202504,47,100008468323,EARLY CHURN,CMP
202412,639,100005676742,CORE CHURN,CMP
202504,18,100008649808,EARLY CHURN,CMP
202504,489,100006059642,CORE CHURN,CMP
202412,20,100008035189,EARLY CHURN,CMP
202503,1,100008552297,EARLY CHURN,CMP
202505,580,100006601515,CORE CHURN,CMP
202504,473,100008528797,EARLY CHURN,CMP
202503,620,100006057295,CORE CHURN,CMP
202504,9,100008692407,EARLY CHURN,CMP
202503,12,100005778719,CORE CHURN,CMP
202503,44,100006861104,CORE CHURN,CMP
202501,7,100005745617,CORE CHURN,OCR
202504,6,100007968034,EARLY CHURN,CMP
202505,483,100008500266,EARLY CHURN,CMP
202505,574,100008699474,EARLY CHURN,CMP
202504,5,100007336595,EARLY CHURN,CMP
202503,1,100008536606,EARLY CHURN,CMP
202505,9,100008824997,EARLY CHURN,CMP
202504,1,100008633955,EARLY CHURN,CMP
202504,495,100008563979,EARLY CHURN,OCR
202505,646,100007897822,CORE CHURN,CMP
202502,50,2106776056,CORE CHURN,OCR
202504,21,100008617559,EARLY CHURN,CMP
202504,651,100007668643,CORE CHURN,CMP
202502,9,100005490381,CORE CHURN,CMP
202504,48,100008591380,EARLY CHURN,CMP
202504,3,100008016895,CORE CHURN,CMP
202504,657,100006332746,CORE CHURN,CMP
202504,446,100007347369,CORE CHURN,CMP
202504,582,100008018580,CORE CHURN,OCR
202504,405,100008446262,EARLY CHURN,CMP
202505,0,100009022835,EARLY CHURN,OCR
202504,449,100008649405,EARLY CHURN,OCR
202502,411,100007649063,CORE CHURN,CMP
202503,608,100008372151,EARLY CHURN,CMP
202503,0,100008592321,EARLY CHURN,CMP
202412,681,100003081638,CORE CHURN,CMP
202503,631,100004506408,CORE CHURN,CMP
202501,33,100008157586,EARLY CHURN,CMP
202503,1,100007255644,EARLY CHURN,CMP
202505,475,100008510655,EARLY CHURN,OCR
202505,48,100008725880,EARLY CHURN,CMP
202505,10,100008707846,EARLY CHURN,CMP
202505,21,100005527431,EARLY CHURN,CMP
202505,513,100008370358,CORE CHURN,CMP
202505,28,100008757858,EARLY CHURN,CMP
202504,20,100009019144,EARLY CHURN,OCR
202412,508,100007002446,CORE CHURN,CMP
202505,453,100004584574,CORE CHURN,OCR
202501,0,2107228513,CORE CHURN,CMP
202505,1,100008774716,EARLY CHURN,CMP
202505,500,100006802286,CORE CHURN,OCR
202505,544,100008133324,CORE CHURN,CMP
202412,570,100008131355,EARLY CHURN,CMP
202504,5,100008608705,EARLY CHURN,CMP
202505,0,1216652187,EARLY CHURN,OCR
202502,33,100006954858,CORE CHURN,CMP
202505,41,100008528588,EARLY CHURN,CMP
202503,17,2107406737,EARLY CHURN,OCR
202504,520,100008385341,EARLY CHURN,CMP
202504,560,100006584126,EARLY CHURN,CMP
202503,403,100005898608,CORE CHURN,CMP
202502,430,100008098074,CORE CHURN,CMP
202503,402,100007782852,CORE CHURN,CMP
202502,0,100007713803,CORE CHURN,CMP
202505,622,100008023535,CORE CHURN,CMP
202502,7,1418862044,CORE CHURN,CMP
202504,13,100005815150,CORE CHURN,CMP
202501,501,100008385515,EARLY CHURN,OCR
202504,3,100008996881,EARLY CHURN,OCR
202504,0,100008003189,EARLY CHURN,CMP
202501,1,100004606418,CORE CHURN,CMP
202504,49,100008804885,EARLY CHURN,OCR
202504,9,100007828680,CORE CHURN,CMP
202501,26,100006934507,CORE CHURN,CMP
202505,414,100008149477,CORE CHURN,OCR
202412,14,1946730333,CORE CHURN,OCR
202505,1,100008824416,EARLY CHURN,CMP
202505,1,100008787649,EARLY CHURN,CMP
202502,5,100008821574,EARLY CHURN,OCR
202504,654,100008400527,EARLY CHURN,CMP
202505,524,100008673182,EARLY CHURN,CMP
202501,568,100002334606,CORE CHURN,CMP
202504,401,100006556469,CORE CHURN,OCR
202502,28,100004265829,CORE CHURN,CMP
202501,38,100003430569,CORE CHURN,OCR
202503,584,100008161366,CORE CHURN,CMP
202505,38,100008753543,EARLY CHURN,CMP
202503,441,100008298405,EARLY CHURN,CMP
202503,472,100007985585,CORE CHURN,CMP
202502,565,100008031633,CORE CHURN,OCR
202502,632,100007329688,CORE CHURN,CMP
202505,35,2100088368,CORE CHURN,OCR
202503,602,100004605456,CORE CHURN,CMP
202502,8,100007555692,CORE CHURN,OCR
202505,1,100008770715,EARLY CHURN,CMP
202504,15,100008666032,EARLY CHURN,CMP
202504,644,100007558444,CORE CHURN,CMP
202503,0,100008070670,CORE CHURN,OCR
202504,415,100007576980,CORE CHURN,CMP
202504,0,100008656394,EARLY CHURN,OCR
202504,481,100001118151,CORE CHURN,CMP
202505,565,100008709266,EARLY CHURN,CMP
202503,417,100004008328,CORE CHURN,OCR
202502,12,100004948071,CORE CHURN,OCR
202502,548,100008697439,EARLY CHURN,OCR
202504,504,100008636073,EARLY CHURN,OCR
202503,444,100008504440,EARLY CHURN,OCR
202504,421,100004662504,CORE CHURN,CMP
202412,7,100007238680,CORE CHURN,CMP
202412,13,100006265837,CORE CHURN,CMP
202504,492,100008631531,EARLY CHURN,CMP
202412,525,100006848060,CORE CHURN,CMP
202503,563,100002635754,CORE CHURN,CMP
202503,583,100008015148,CORE CHURN,CMP
202412,14,1715631552,EARLY CHURN,OCR
202503,32,100007409624,EARLY CHURN,CMP
202504,571,100008797129,EARLY CHURN,OCR
202501,691,100007080623,CORE CHURN,CMP
202502,585,100003945297,CORE CHURN,OCR
202501,524,100007557562,CORE CHURN,CMP
202504,32,100006763231,EARLY CHURN,CMP
202502,48,100007377736,EARLY CHURN,CMP
202412,31,100007668195,CORE CHURN,CMP
202503,40,100008314511,EARLY CHURN,CMP
202504,21,100008874759,EARLY CHURN,OCR
202503,5,100006708955,CORE CHURN,CMP
202504,40,100008198395,CORE CHURN,CMP
202502,405,100002842882,CORE CHURN,OCR
202412,471,100007872628,CORE CHURN,CMP
202505,690,L2104448424,CORE CHURN,OCR
202412,579,100006876404,CORE CHURN,OCR
202505,453,100006435413,CORE CHURN,OCR
202501,0,1533514891,EARLY CHURN,OCR
202505,497,100008721813,EARLY CHURN,CMP
202504,28,100008637131,EARLY CHURN,CMP
202504,445,100001851201,CORE CHURN,OCR
202502,422,100008271891,EARLY CHURN,CMP
202502,492,100008135639,CORE CHURN,CMP
202505,0,100000805480,CORE CHURN,OCR
202505,487,100007895868,CORE CHURN,CMP
202505,32,100008745844,EARLY CHURN,CMP
202505,42,100006705051,CORE CHURN,CMP
202505,523,100003972247,CORE CHURN,OCR
202504,482,100006379015,CORE CHURN,OCR
202505,41,100008973432,EARLY CHURN,OCR
202501,458,100007086509,CORE CHURN,OCR
202505,1,100009036991,EARLY CHURN,OCR
202505,552,100008652593,EARLY CHURN,CMP
202412,519,100008007224,EARLY CHURN,CMP
202505,485,100004917974,CORE CHURN,OCR
202505,464,100005561987,CORE CHURN,OCR
202505,543,100008551031,EARLY CHURN,CMP
202504,8,100008594232,EARLY CHURN,CMP
202412,484,100006738088,CORE CHURN,CMP
202501,478,100006617199,CORE CHURN,CMP
202412,437,100006208656,CORE CHURN,CMP
202503,15,100008462346,EARLY CHURN,OCR
202503,35,100008535492,EARLY CHURN,CMP
202505,564,100008626967,EARLY CHURN,OCR
202503,8,100008479974,EARLY CHURN,CMP
202502,9,100007899639,CORE CHURN,CMP
202504,404,100007630883,CORE CHURN,CMP
202503,1,100008492661,EARLY CHURN,CMP
202504,534,100007872844,CORE CHURN,CMP
202504,20,1515681357,EARLY CHURN,CMP
202503,10,100004296217,CORE CHURN,CMP
202505,8,100000639502,CORE CHURN,CMP
202503,20,100008587480,EARLY CHURN,CMP
202504,663,100008861545,EARLY CHURN,OCR
202504,2,100008593037,EARLY CHURN,OCR
202502,589,100006900993,EARLY CHURN,OCR
202505,699,100008453442,CORE CHURN,CMP
202502,613,100004154879,CORE CHURN,OCR
202503,559,100008404766,EARLY CHURN,CMP
202504,429,100003074102,EARLY CHURN,OCR
202503,33,1216975595,EARLY CHURN,CMP
202501,5,2102090348,EARLY CHURN,CMP
202505,0,1214919150,EARLY CHURN,CMP
202412,568,100007995843,EARLY CHURN,CMP
202412,584,100007623776,CORE CHURN,CMP
202505,20,100006264679,CORE CHURN,OCR
202502,568,100006777193,CORE CHURN,OCR
202504,569,100003534336,CORE CHURN,CMP
202502,7,100006926130,CORE CHURN,CMP
202503,654,100008336080,EARLY CHURN,CMP
202505,7,100008780840,EARLY CHURN,CMP
202503,1,100008910193,EARLY CHURN,OCR
202504,23,1216614298,CORE CHURN,OCR
202503,49,100008503546,EARLY CHURN,CMP
202504,441,100005955405,CORE CHURN,CMP
202412,0,100005838541,CORE CHURN,OCR
202501,416,100008204358,EARLY CHURN,CMP
202505,464,1554234656,EARLY CHURN,OCR
202505,565,100000814266,CORE CHURN,OCR
202501,0,100005128129,CORE CHURN,OCR
202503,679,100005106879,CORE CHURN,CMP
202501,1,100008154960,EARLY CHURN,OCR
202504,8,100007295717,CORE CHURN,CMP
202503,412,100008515183,EARLY CHURN,CMP
202505,635,100008556678,EARLY CHURN,CMP
202503,406,1483740246,CORE CHURN,OCR
202503,405,100004787219,CORE CHURN,CMP
202504,489,100008478371,EARLY CHURN,CMP
202503,12,L1572611784,EARLY CHURN,CMP
202501,0,100000382737,CORE CHURN,CMP
202504,0,100008698567,EARLY CHURN,OCR
202412,0,100003693134,CORE CHURN,OCR
202502,400,100002469152,EARLY CHURN,OCR
202503,496,100007127978,CORE CHURN,CMP
202504,0,100001305581,EARLY CHURN,CMP
202503,620,100008329589,EARLY CHURN,CMP
202505,21,100008416019,CORE CHURN,CMP
202505,431,100008551525,EARLY CHURN,CMP
202412,418,100007790025,CORE CHURN,CMP
202412,627,100006507537,CORE CHURN,CMP
202504,39,100008578817,EARLY CHURN,CMP
202504,2,100007224389,EARLY CHURN,CMP
202504,536,100008501813,EARLY CHURN,CMP
202504,3,100008715266,EARLY CHURN,CMP
202501,3,100008310179,EARLY CHURN,CMP
202504,497,100006778051,CORE CHURN,CMP
202504,1,100008609134,EARLY CHURN,CMP
202505,0,100005764776,CORE CHURN,OCR
202503,466,100008411692,EARLY CHURN,CMP
202504,32,100007840705,CORE CHURN,CMP
202503,1,100007199930,EARLY CHURN,CMP
202504,1,100008960671,EARLY CHURN,OCR
202505,588,100008689968,EARLY CHURN,CMP
202503,26,100006715544,CORE CHURN,CMP
202504,10,100008675952,EARLY CHURN,CMP
202505,0,100008762461,EARLY CHURN,CMP
202501,529,100008408572,EARLY CHURN,OCR
202504,2,100008668040,EARLY CHURN,CMP
202504,46,100006686244,CORE CHURN,OCR
202505,500,100008614221,EARLY CHURN,CMP
202505,550,100007778874,CORE CHURN,CMP
202505,522,L1425841717,CORE CHURN,OCR
202501,43,100008447329,EARLY CHURN,OCR
202505,403,100008195636,CORE CHURN,CMP
202504,519,100008441597,EARLY CHURN,CMP
202504,1,1216946462,EARLY CHURN,OCR
202504,697,100004960513,CORE CHURN,CMP
202504,611,100007774179,CORE CHURN,CMP
202502,441,100008262344,EARLY CHURN,CMP
202502,548,100007943519,CORE CHURN,CMP
202503,498,100008310996,EARLY CHURN,CMP
202502,483,100005386155,CORE CHURN,OCR
202504,656,100007204363,EARLY CHURN,CMP
202504,20,100007130163,CORE CHURN,OCR
202504,547,100008450063,EARLY CHURN,CMP
202501,29,100006937641,CORE CHURN,CMP
202504,33,100008459666,EARLY CHURN,CMP
202412,47,100007182126,CORE CHURN,CMP
202501,402,100000433488,CORE CHURN,OCR
202502,417,100007243959,CORE CHURN,OCR
202412,564,100005882108,CORE CHURN,CMP
202504,13,1426660533,EARLY CHURN,OCR
202505,42,100008805478,EARLY CHURN,CMP
202505,48,100008708794,EARLY CHURN,CMP
202503,36,100008526014,EARLY CHURN,CMP
202502,504,100005651582,CORE CHURN,OCR
202504,0,100008667402,EARLY CHURN,CMP
202505,24,100007384211,CORE CHURN,CMP
202502,1,100008401050,EARLY CHURN,CMP
202504,25,100008704202,EARLY CHURN,CMP
202412,540,100008098474,EARLY CHURN,CMP
202502,33,100007522022,EARLY CHURN,CMP
202504,48,100008512219,EARLY CHURN,OCR
202504,523,100008570310,EARLY CHURN,CMP
202503,491,100008146733,CORE CHURN,CMP
202505,550,100005010642,CORE CHURN,OCR
202503,417,100005547956,EARLY CHURN,CMP
202501,503,100001341011,CORE CHURN,OCR
202505,638,100008218851,CORE CHURN,OCR
202502,606,100008090923,CORE CHURN,CMP
202505,550,100008118569,CORE CHURN,CMP
202505,0,2103610248,EARLY CHURN,CMP
202504,531,100008163795,CORE CHURN,CMP
202503,49,100008284447,EARLY CHURN,CMP
202504,0,100005290493,CORE CHURN,OCR
202504,3,100002382808,EARLY CHURN,CMP
202412,452,100008501944,EARLY CHURN,OCR
202503,21,100003563672,CORE CHURN,CMP
202412,667,2103274574,CORE CHURN,OCR
202503,12,100008523425,EARLY CHURN,CMP
202501,429,100006683916,CORE CHURN,OCR
202505,474,100005862579,CORE CHURN,OCR
202505,599,100008711825,EARLY CHURN,CMP
202504,668,2103733609,CORE CHURN,CMP
202505,412,100005047896,CORE CHURN,CMP
202505,489,100008580822,EARLY CHURN,CMP
202502,526,100007931037,CORE CHURN,CMP
202504,406,1513313214,CORE CHURN,OCR
202504,447,100008563680,EARLY CHURN,CMP
202503,22,100008386905,EARLY CHURN,CMP
202505,0,100009092924,EARLY CHURN,OCR
202412,49,100001164622,CORE CHURN,OCR
202502,34,100007298518,CORE CHURN,OCR
202503,48,100008379702,EARLY CHURN,CMP
202504,558,100005965887,EARLY CHURN,CMP
202501,557,100006109761,CORE CHURN,OCR
202502,691,100007603521,CORE CHURN,OCR
202501,12,1523532631,CORE CHURN,OCR
202501,547,100002016263,CORE CHURN,OCR
202504,12,100008655957,EARLY CHURN,CMP
202502,39,100006245956,CORE CHURN,CMP
202502,3,1427636707,CORE CHURN,CMP
202502,660,100008165386,EARLY CHURN,CMP
202504,13,100004538826,EARLY CHURN,OCR
202412,577,100006786056,CORE CHURN,CMP
202505,7,L1442523434,CORE CHURN,CMP
202504,644,100006561002,CORE CHURN,OCR
202412,507,100005542396,CORE CHURN,CMP
202504,31,100008550525,EARLY CHURN,CMP
202505,581,100008342690,CORE CHURN,CMP
202505,2,100004906052,EARLY CHURN,OCR
202501,602,2102311248,CORE CHURN,CMP
202504,42,100008602496,EARLY CHURN,CMP
202504,520,100008259332,CORE CHURN,CMP
202504,578,100008636636,EARLY CHURN,CMP
202505,21,100008718354,EARLY CHURN,CMP
202505,2,2102482011,EARLY CHURN,CMP
202505,462,L2106154116,CORE CHURN,OCR
202502,8,100006580108,CORE CHURN,CMP
202505,698,100008495041,CORE CHURN,CMP
202505,517,100008701973,EARLY CHURN,CMP
202504,408,100007682202,CORE CHURN,CMP
202501,480,100008174222,EARLY CHURN,CMP
202504,1,100008637523,EARLY CHURN,CMP
202504,40,100007046777,EARLY CHURN,CMP
202505,40,100008764240,EARLY CHURN,CMP
202503,48,100006242060,CORE CHURN,CMP
202502,410,100008685625,EARLY CHURN,OCR
202504,0,100008681521,EARLY CHURN,CMP
202505,31,100008730132,EARLY CHURN,CMP
202504,30,100008587676,EARLY CHURN,CMP
202501,605,100002985085,CORE CHURN,OCR
202501,414,100008070183,EARLY CHURN,CMP
202501,6,100005759353,CORE CHURN,OCR
202505,485,100006963248,CORE CHURN,CMP
202504,33,100008630038,EARLY CHURN,CMP
202505,687,100008403124,CORE CHURN,CMP
202504,579,100008369946,EARLY CHURN,OCR
202501,426,1216638008,CORE CHURN,OCR
202504,466,100005807388,CORE CHURN,OCR
202505,559,100008541153,EARLY CHURN,CMP
202502,49,100008257995,EARLY CHURN,CMP
202412,33,100007210804,CORE CHURN,CMP
202412,18,100007326870,CORE CHURN,OCR
202505,42,100006737189,EARLY CHURN,CMP
202504,625,100008146415,CORE CHURN,CMP
202503,39,100008441255,EARLY CHURN,CMP
202412,26,1442635149,CORE CHURN,OCR
202504,0,100004688644,CORE CHURN,OCR
202505,567,100007940386,CORE CHURN,CMP
202501,610,100006623878,CORE CHURN,CMP
202504,655,100008585252,EARLY CHURN,CMP
202504,405,100008242114,CORE CHURN,CMP
202505,516,100008325581,CORE CHURN,CMP
202503,543,100008052270,CORE CHURN,OCR
202412,24,100008140716,EARLY CHURN,CMP
202503,681,100008049085,CORE CHURN,CMP
202504,607,100008627300,EARLY CHURN,OCR
202503,29,100000068512,EARLY CHURN,OCR
202505,489,100008563993,EARLY CHURN,CMP
202505,34,100007172979,CORE CHURN,OCR
202505,1,2101342510,EARLY CHURN,CMP
202503,450,100004022139,CORE CHURN,CMP
202504,34,100008661133,EARLY CHURN,CMP
202504,471,100005850529,CORE CHURN,CMP
202412,25,100008207950,EARLY CHURN,CMP
202504,559,100007607735,CORE CHURN,CMP
202503,595,100008488362,EARLY CHURN,CMP
202505,43,100005658572,CORE CHURN,OCR
202505,510,100008641207,EARLY CHURN,CMP
202505,1,100008180870,CORE CHURN,OCR
202505,642,100006968925,CORE CHURN,CMP
202505,626,100007490311,CORE CHURN,CMP
202504,29,100008624815,EARLY CHURN,CMP
202504,444,100005766455,CORE CHURN,CMP
202503,525,100008444193,EARLY CHURN,CMP
202503,0,100007610083,CORE CHURN,CMP
202505,3,100002514197,EARLY CHURN,OCR
202505,21,100003890600,CORE CHURN,OCR
202504,15,100008598613,EARLY CHURN,CMP
202412,456,100005526962,CORE CHURN,CMP
202504,37,100008659270,EARLY CHURN,CMP
202503,1,100008592358,EARLY CHURN,OCR
202412,575,100007261226,CORE CHURN,OCR
202503,49,100008457857,EARLY CHURN,CMP
202505,409,100008476551,CORE CHURN,CMP
202502,8,100008805305,EARLY CHURN,OCR
202501,26,1543600642,EARLY CHURN,OCR
202412,605,100008416720,EARLY CHURN,OCR
202503,424,100008381787,EARLY CHURN,CMP
202504,22,100008716395,EARLY CHURN,CMP
202505,29,100009104273,EARLY CHURN,OCR
202412,9,100006263153,CORE CHURN,CMP
202503,412,100006151945,CORE CHURN,CMP
202505,444,100008480848,CORE CHURN,CMP
202503,641,100008330561,EARLY CHURN,CMP
202503,501,100006673374,CORE CHURN,CMP
202503,0,100008577884,EARLY CHURN,CMP
202412,2,100008145349,EARLY CHURN,CMP
202504,0,100008992060,EARLY CHURN,OCR
202501,0,100007552257,CORE CHURN,OCR
202502,18,100005329822,CORE CHURN,CMP
202505,544,100005898186,CORE CHURN,OCR
202504,0,100008662042,EARLY CHURN,OCR
202504,50,100008673526,EARLY CHURN,CMP
202503,480,100008486653,EARLY CHURN,CMP
202502,32,100003031455,CORE CHURN,CMP
202504,0,100006097592,CORE CHURN,OCR
202501,588,100004205093,CORE CHURN,CMP
202412,0,100007267956,CORE CHURN,CMP
202501,592,100007751897,CORE CHURN,CMP
202501,517,100007299323,CORE CHURN,CMP
202502,586,100007895031,CORE CHURN,CMP
202503,0,100007578644,CORE CHURN,CMP
202503,4,100008555215,EARLY CHURN,CMP
202503,481,100001280482,CORE CHURN,OCR
202505,36,100008793082,EARLY CHURN,OCR
202504,0,2102111531,EARLY CHURN,OCR
202501,608,100005062576,CORE CHURN,OCR
202504,563,100008006916,CORE CHURN,CMP
202505,408,100004043915,CORE CHURN,CMP
202505,645,100008617994,EARLY CHURN,OCR
202505,16,100000186605,EARLY CHURN,CMP
202412,644,100004859018,CORE CHURN,CMP
202502,631,100008156470,EARLY CHURN,CMP
202503,1,100000284260,EARLY CHURN,CMP
202503,529,100002029374,CORE CHURN,OCR
202504,49,100008656741,EARLY CHURN,CMP
202502,581,100006743571,CORE CHURN,OCR
202503,429,100007808597,CORE CHURN,CMP
202501,456,100003456201,CORE CHURN,CMP
202502,497,100006627926,CORE CHURN,CMP
202505,572,100008982260,EARLY CHURN,OCR
202504,25,100008417565,EARLY CHURN,CMP
202503,523,1442525500,CORE CHURN,CMP
202503,18,100008449467,EARLY CHURN,OCR
202505,537,100007359910,CORE CHURN,CMP
202502,542,100007283307,CORE CHURN,OCR
202503,467,100006526479,CORE CHURN,CMP
202505,48,100008111223,CORE CHURN,CMP
202503,456,100007975492,CORE CHURN,CMP
202504,542,100001273647,CORE CHURN,OCR
202505,0,2106817220,CORE CHURN,OCR
202505,665,100007298415,CORE CHURN,OCR
202503,432,100006410528,CORE CHURN,CMP
202505,49,100008772958,EARLY CHURN,CMP
202505,546,100008183028,EARLY CHURN,CMP
202504,0,1426308456,EARLY CHURN,OCR
202505,25,100008566324,EARLY CHURN,CMP
202412,0,100007539379,CORE CHURN,OCR
202504,475,100002656571,CORE CHURN,OCR
202503,19,100008664446,EARLY CHURN,OCR
202505,34,100006517875,CORE CHURN,OCR
202505,24,100008709310,EARLY CHURN,CMP
202502,478,100007805871,CORE CHURN,CMP
202412,498,100006116424,CORE CHURN,CMP
202504,22,100005753757,CORE CHURN,CMP
202503,20,100008539556,EARLY CHURN,CMP
202504,615,100008792664,EARLY CHURN,OCR
202504,0,100008645209,EARLY CHURN,CMP
202502,536,100007925013,CORE CHURN,CMP
202504,18,100008353059,CORE CHURN,CMP
202505,693,1556760157,CORE CHURN,OCR
202502,404,100004681825,EARLY CHURN,CMP
202412,541,100007896216,CORE CHURN,CMP
202505,558,100008601008,EARLY CHURN,CMP
202502,0,100008828664,EARLY CHURN,OCR
202503,405,2104112691,CORE CHURN,CMP
202503,663,100008826840,EARLY CHURN,OCR
202505,0,100008258702,CORE CHURN,CMP
202504,467,100007810649,CORE CHURN,CMP
202505,16,100008585474,EARLY CHURN,CMP
202503,12,100008432707,EARLY CHURN,CMP
202504,42,100008494278,EARLY CHURN,CMP
202504,506,100008376998,EARLY CHURN,CMP
202503,525,100005488539,CORE CHURN,CMP
202502,643,100007690041,CORE CHURN,CMP
202504,3,100008607284,EARLY CHURN,CMP
202505,0,100003125790,CORE CHURN,OCR
202504,658,100008383465,EARLY CHURN,OCR
202503,46,100008544409,EARLY CHURN,CMP
202502,663,100008362940,EARLY CHURN,CMP
202505,670,100008681598,EARLY CHURN,CMP
202502,32,100004774110,CORE CHURN,CMP
202505,6,100008755417,EARLY CHURN,OCR
202505,541,100002463972,CORE CHURN,CMP
202504,670,1425115779,CORE CHURN,OCR
202502,21,1212723263,CORE CHURN,OCR
202502,0,100006477237,CORE CHURN,CMP
202503,472,100007938893,CORE CHURN,CMP
202504,46,100008552505,EARLY CHURN,CMP
202501,685,100005655701,CORE CHURN,OCR
202504,433,100003346450,CORE CHURN,OCR
202412,18,100008400696,EARLY CHURN,OCR
202501,39,1685692511,CORE CHURN,OCR
202412,30,100008244509,EARLY CHURN,CMP
202505,41,100008802670,EARLY CHURN,CMP
202501,542,100004325424,CORE CHURN,CMP
202502,30,100007767039,CORE CHURN,OCR
202502,7,100006545821,CORE CHURN,OCR
202503,421,100002035695,CORE CHURN,CMP
202504,31,100008676158,EARLY CHURN,CMP
202505,0,100008806383,EARLY CHURN,CMP
202501,579,100007671731,CORE CHURN,CMP
202502,18,100006140420,CORE CHURN,OCR
202505,568,100008286688,CORE CHURN,CMP
202505,551,100008418685,CORE CHURN,CMP
202412,8,100003756306,EARLY CHURN,CMP
202503,424,100005672609,CORE CHURN,CMP
202502,583,100007511877,CORE CHURN,CMP
202501,15,100003985901,CORE CHURN,CMP
202504,505,100007344630,CORE CHURN,CMP
202503,488,100005300218,CORE CHURN,OCR
202504,0,100008492597,EARLY CHURN,CMP
202503,619,100007106118,CORE CHURN,CMP
202504,608,100008511820,EARLY CHURN,CMP
202412,19,100006628288,CORE CHURN,OCR
202412,1,100006593854,CORE CHURN,OCR
202504,423,100008278322,CORE CHURN,CMP
202505,501,100007317866,CORE CHURN,OCR
202412,692,100007419235,CORE CHURN,CMP
202503,494,100004136130,EARLY CHURN,CMP
202412,638,100003737485,CORE CHURN,CMP
202505,16,100005339170,CORE CHURN,CMP
202504,0,100008655655,EARLY CHURN,CMP
202505,559,100006053108,CORE CHURN,OCR
202502,530,100008561961,EARLY CHURN,OCR
202502,488,100008336204,EARLY CHURN,CMP
202505,426,100006700267,EARLY CHURN,CMP
202504,22,1426812841,EARLY CHURN,CMP
202503,14,100007220169,CORE CHURN,OCR
202504,33,100008470175,EARLY CHURN,CMP
202504,422,100006876977,CORE CHURN,OCR
202412,0,100005403856,CORE CHURN,CMP
202505,524,100007791503,CORE CHURN,CMP
202504,0,100008609379,EARLY CHURN,CMP
202505,26,100008731064,EARLY CHURN,CMP
202504,573,100006500764,EARLY CHURN,OCR
202502,2,100008826183,EARLY CHURN,OCR
202502,561,2107141901,CORE CHURN,CMP
202505,48,2106575750,CORE CHURN,CMP
202504,553,100006626301,CORE CHURN,CMP
202502,670,100004786183,CORE CHURN,CMP
202502,401,100000048208,CORE CHURN,OCR
202505,6,100008171989,EARLY CHURN,CMP
202504,42,100007765633,CORE CHURN,CMP
202505,545,100008554823,EARLY CHURN,CMP
202502,33,100008271337,EARLY CHURN,CMP
202505,559,100008959212,EARLY CHURN,OCR
202504,588,100008950229,EARLY CHURN,OCR
202505,0,1427287929,CORE CHURN,OCR
202503,463,100008517813,EARLY CHURN,OCR
202503,43,1427315558,CORE CHURN,OCR
202412,522,100006193218,CORE CHURN,CMP
202505,37,100008698766,EARLY CHURN,CMP
202504,48,100008689997,EARLY CHURN,CMP
202502,521,100008200729,EARLY CHURN,CMP
202505,587,1426276523,CORE CHURN,OCR
202504,10,100008307361,CORE CHURN,CMP
202504,623,100003311178,CORE CHURN,OCR
