Billing_Account_Id,Region_Name,Exchange_Name,Zone
100008799538,STR,EXH0605,SOUTH
2106781400,MTR,EXH0545,CENTRAL
100007878067,MTR,EXH0546,CENTRAL
100008015956,RTR,EXH0896,NORTH
100008498346,SLTR,EXH0443,CENTRAL
100008878102,LTR - NORTH,EXH0401,CENTRAL
100008773872,GTR,EXH0480,CENTRAL
100008686905,LTR - NORTH,EXH0372,CENTRAL
100008416165,CTR,EXH0528,CENTRAL
100007689046,ITR,EXH0851,NORTH
100006509089,MTR,EXH0587,CENTRAL
100002834926,GTR,EXH0526R,CENTRAL
100008420875,LTR - SOUTH,EXH0388,CENTRAL
100004060040,LTR - SOUTH,EXH0386,CENTRAL
100008380191,ITR,EXH0864,NORTH
100008526401,SLTR,EXH0878,CENTRAL
100008550181,HTR,EXH0564,NORTH
100006320222,NTR - 2,EXH0424,NORTH
100008496417,FTR,EXH0464,CENTRAL
100005167292,KTR - 3,EXH0010,SOUTH
100007869513,LTR - SOUTH,EXH0901,CENTRAL
100008001114,FTR,EXH0510,CENTRAL
100004732042,GTR,EXH0526R,CENTRAL
100005931685,GTR,EXH0526K,CENTRAL
1212258024,KTR - 2,EXH0011,SOUTH
100008595122,LTR - NORTH,EXH0383,CENTRAL
100003025977,LTR - NORTH,EXH0377,CENTRAL
100008691291,ITR,EXH0418,NORTH
100008181585,CTR,EXH0592,CENTRAL
100008267060,MTR,EXH0873,CENTRAL
100008555713,QTR,EXH0600,SOUTH
100007598739,MTR,EXH0543,CENTRAL
100008460534,STR,EXH0599B,SOUTH
100008055249,NTR - 2,EXH0495,NORTH
100007592048,MTR,EXH0620,CENTRAL
100004061210,LTR - SOUTH,EXH0392,CENTRAL
2102445667,SLTR,EXH0514,CENTRAL
100008169822,KTR - 3,EXH0502,SOUTH
100008317665,FTR,EXH0536,CENTRAL
100008697369,MTR,EXH0544,CENTRAL
100004681576,ITR,EXH0413,NORTH
100008611981,LTR - NORTH,EXH0401,CENTRAL
100008685440,LTR - SOUTH,EXH0388,CENTRAL
100008513198,NTR - 1,EXH0639,NORTH
100008681695,LTR - NORTH,EXH0374,CENTRAL
100008729573,NTR - 2,EXH0624,NORTH
100004802453,KTR - 3,EXH0039,SOUTH
100005786401,HYTR,EXH0841,SOUTH
2106565881,ITR,EXH0410,NORTH
1515460227,ITR,EXH0413,NORTH
100008536951,QTR,EXH0419,SOUTH
L1214964334,KTR - 3,EXH0017,SOUTH
100006874244,FTR,EXH0536,CENTRAL
100003990304,MTR,EXH0544,CENTRAL
100006083112,KTR - 3,EXH0024,SOUTH
100008379315,ITR,EXH0866,NORTH
100008774376,LTR - NORTH,EXH0402,CENTRAL
100007854483,HYTR,EXH0475,SOUTH
100008687467,ITR,EXH0852,NORTH
100007262003,MTR,EXH0537,CENTRAL
100008440338,FTR,EXH0536,CENTRAL
100008020023,LTR - SOUTH,EXH0386,CENTRAL
100005609930,ITR,EXH0410,NORTH
100008756394,HYTR,EXH0841,SOUTH
100006480035,LTR - NORTH,EXH0374,CENTRAL
100007994376,NTR - 1,EXH0425,NORTH
100007279719,LTR - NORTH,EXH0401,CENTRAL
2100258082,GTR,EXH0526W,CENTRAL
100008082876,LTR - SOUTH,EXH0895,CENTRAL
100007335713,KTR - 3,EXH0022,SOUTH
100008818167,LTR - NORTH,EXH0401,CENTRAL
100003660002,GTR,EXH0526R,CENTRAL
L1457833470,CTR,EXH0883,CENTRAL
100008434781,HTR,EXH0469,NORTH
100008554814,STR,EXH0432,SOUTH
100008673701,KTR - 3,EXH0502,SOUTH
100008604323,SLTR,EXH0890,CENTRAL
100008583067,SLTR,EXH0446,CENTRAL
100006909865,CTR,EXH0430,CENTRAL
1512651730,ITR,EXH0414,NORTH
100008136239,CTR,EXH0429,CENTRAL
100008585656,LTR - SOUTH,EXH0387,CENTRAL
1812444913,QTR,EXH0421,SOUTH
100005482118,KTR - 3,EXH0032,SOUTH
100008186763,ITR,EXH0410,NORTH
100008825321,SLTR,EXH0876,CENTRAL
100008381212,ITR,EXH0418,NORTH
100007637890,KTR - 2,EXH0018,SOUTH
100008189972,ITR,EXH0858,NORTH
100005694472,RTR,EXH0653,NORTH
100007866126,GTR,EXH0440,CENTRAL
100006532497,NTR - 1,EXH0652,NORTH
100005251400,KTR - 3,EXH0023,SOUTH
100008341698,MTR,EXH0898,CENTRAL
2106924997,STR,EXH0432,SOUTH
100008299371,ITR,EXH0413,NORTH
100008733486,LTR - NORTH,EXH0382,CENTRAL
100008099935,RTR,EXH0912,NORTH
100008639174,KTR - 1,EXH0009,SOUTH
2107044195,LTR - SOUTH,EXH0398,CENTRAL
100007984484,MTR,EXH0541,CENTRAL
100005829241,MTR,EXH0541,CENTRAL
100007850163,SLTR,EXH0446,CENTRAL
100007579899,NTR - 2,EXH0563,NORTH
100007889003,LTR - NORTH,EXH0374,CENTRAL
100006014251,RTR,EXH0527,NORTH
100008681115,KTR - 2,EXH0036,SOUTH
100008234829,KTR - 1,EXH0009,SOUTH
100008311245,MTR,EXH0453,CENTRAL
100007632950,HYTR,EXH0472,SOUTH
100008660538,NTR - 2,EXH0637,NORTH
1216616543,KTR - 3,EXH0021,SOUTH
1425427216,LTR - SOUTH,EXH0394,CENTRAL
100007310192,ITR,EXH0866,NORTH
100006223898,ITR,EXH0658,NORTH
100008594275,LTR - SOUTH,EXH0398,CENTRAL
100008774876,GTR,EXH0481,CENTRAL
100006368640,GTR,EXH0442,CENTRAL
1214964130,KTR - 3,EXH0017,SOUTH
100007408069,KTR - 3,EXH0030,SOUTH
100007036036,HTR,EXH0469,NORTH
1554226211,GTR,EXH0442,CENTRAL
100008752271,NTR - 1,EXH0868,NORTH
100008742503,LTR - NORTH,EXH0371,CENTRAL
100005549378,MTR,EXH0503,CENTRAL
100008464137,KTR - 2,EXH0019,SOUTH
100008127619,QTR,EXH0419,SOUTH
100008708972,SLTR,EXH0517B,CENTRAL
100008665417,ITR,EXH0413,NORTH
100008318613,MTR,EXH0898,CENTRAL
100006908463,LTR - SOUTH,EXH0403,CENTRAL
100008468442,SLTR,EXH0489,CENTRAL
100006001344,FTR,EXH0464,CENTRAL
100005845990,SLTR,EXH0443,CENTRAL
100002353807,HYTR,EXH0472,SOUTH
100003936685,MTR,EXH0587,CENTRAL
100006483236,NTR - 1,EXH0572,NORTH
100008371374,RTR,EXH0896,NORTH
100002946667,ITR,EXH0852,NORTH
100006952096,NTR - 2,EXH0423,NORTH
100000867029,FTR,EXH0510,CENTRAL
100004606536,LTR - SOUTH,EXH0398,CENTRAL
100008786495,FTR,EXH0466,CENTRAL
100008497278,KTR - 3,EXH0017,SOUTH
100006979954,CTR,EXH0594,CENTRAL
100006269761,LTR - NORTH,EXH0401,CENTRAL
100008992139,STR,EXH0432,SOUTH
100008911779,LTR - NORTH,EXH0401,CENTRAL
100007260976,MTR,EXH0541,CENTRAL
100007832590,ITR,EXH0417,NORTH
100008957067,STR,EXH0558,SOUTH
100005071298,NTR - 1,EXH0625,NORTH
100007949018,SLTR,EXH0444,CENTRAL
100002134353,ITR,EXH0413,NORTH
100008561449,KTR - 1,EXH0001,SOUTH
100006961190,NTR - 1,EXH0422,NORTH
2105938719,MTR,EXH0451,CENTRAL
100008175931,ITR,EXH0628,NORTH
100007899506,KTR - 2,EXH0018,SOUTH
100007941586,HYTR,EXH0660,SOUTH
100007919509,CTR,EXH0589,CENTRAL
100008256106,LTR - SOUTH,EXH0404,CENTRAL
100008601601,MTR,EXH0505,CENTRAL
100006752584,FTR,EXH0461,CENTRAL
100003939509,STR,EXH0598,SOUTH
100007697546,FTR,EXH0511,CENTRAL
100007675125,MTR,EXH0537,CENTRAL
100005951689,GTR,EXH0483,CENTRAL
100004481555,SLTR,EXH0517A,CENTRAL
100003567220,GTR,EXH0847,CENTRAL
100006694543,LTR - SOUTH,EXH0403,CENTRAL
100008343621,LTR - NORTH,EXH0401,CENTRAL
100005710374,HYTR,EXH0473,SOUTH
100008589009,FTR,EXH0509,CENTRAL
100008493054,SLTR,EXH0443,CENTRAL
100007898650,RTR,EXH0896,NORTH
100008015420,FTR,EXH0465,CENTRAL
100007156804,HYTR,EXH0554,SOUTH
100007733271,CTR,EXH0449,CENTRAL
100007527648,HYTR,EXH0843,SOUTH
100008254749,LTR - SOUTH,EXH0404,CENTRAL
100006006698,SLTR,EXH0446,CENTRAL
100005661044,RTR,EXH0629,NORTH
100008591746,NTR - 1,EXH0639,NORTH
100008397157,LTR - NORTH,EXH0376,CENTRAL
100006351588,MTR,EXH0452,CENTRAL
100007832698,LTR - SOUTH,EXH0388,CENTRAL
100006053291,FTR,EXH0456,CENTRAL
100008232690,LTR - SOUTH,EXH0397,CENTRAL
100006036260,MTR,EXH0453,CENTRAL
100007825090,MTR,EXH0541,CENTRAL
100008425324,STR,EXH0434,SOUTH
100008699321,KTR - 2,EXH0015,SOUTH
100008132625,MTR,EXH0541,CENTRAL
100008465163,NTR - 1,EXH0426,NORTH
100007307621,HYTR,EXH0487,SOUTH
100008641464,SLTR,EXH0447,CENTRAL
100008062474,ITR,EXH0410,NORTH
100008853806,LTR - SOUTH,EXH0388,CENTRAL
100008485338,LTR - NORTH,EXH0376,CENTRAL
100001416180,SLTR,EXH0447,CENTRAL
1922573806,NTR - 2,EXH0835,NORTH
100006908530,NTR - 1,EXH0565,NORTH
100007770329,HYTR,EXH0553,SOUTH
100006984335,MTR,EXH0451,CENTRAL
100007790430,FTR,EXH0507,CENTRAL
L2102534928,FTR,EXH0510,CENTRAL
100008751179,FTR,EXH0509,CENTRAL
100008524565,SLTR,EXH0446,CENTRAL
2100496949,LTR - SOUTH,EXH0390,CENTRAL
100005409271,GTR,EXH0526K,CENTRAL
100008638596,NTR - 1,EXH0565,NORTH
1214942094,KTR - 2,EXH0015,SOUTH
100008885427,NTR - 2,EXH0424,NORTH
100007615342,CTR,EXH0585,CENTRAL
100008500577,KTR - 3,EXH0021,SOUTH
100007079033,FTR,EXH0460,CENTRAL
L2101985563,RTR,EXH0486,NORTH
100007504141,NTR - 2,EXH0423,NORTH
100007919924,FTR,EXH0506,CENTRAL
100006257946,HTR,EXH0884,NORTH
1425418710,LTR - SOUTH,EXH0394,CENTRAL
100006148126,KTR - 3,EXH0021,SOUTH
100008598856,LTR - SOUTH,EXH0398,CENTRAL
100008497948,MTR,EXH0451,CENTRAL
100006393859,SLTR,EXH0445,CENTRAL
100008909558,LTR - NORTH,EXH0371,CENTRAL
100007047881,SLTR,EXH0444,CENTRAL
100007501951,LTR - SOUTH,EXH0895,CENTRAL
100000583371,KTR - 3,EXH0032,SOUTH
100007801824,CTR,EXH0429,CENTRAL
100007062081,KTR - 2,EXH0018,SOUTH
100008232670,FTR,EXH0536,CENTRAL
100007744139,LTR - SOUTH,EXH0895,CENTRAL
100008511326,LTR - SOUTH,EXH0403,CENTRAL
100008768836,CTR,EXH0499,CENTRAL
100008512369,LTR - SOUTH,EXH0388,CENTRAL
100005045552,NTR - 1,EXH0567,NORTH
100008640417,SLTR,EXH0446,CENTRAL
100008504445,ITR,EXH0413,NORTH
100008767094,KTR - 3,EXH0017,SOUTH
100008087458,QTR,EXH0419,SOUTH
100008660435,HYTR,EXH0472,SOUTH
100005422195,NTR - 2,EXH0643,NORTH
100006120888,HTR,EXH0649,NORTH
2106190639,KTR - 1,EXH0005,SOUTH
100003850033,LTR - SOUTH,EXH0398,CENTRAL
100003650996,RTR,EXH0653,NORTH
100005217379,NTR - 1,EXH0426,NORTH
100008682163,SLTR,EXH0525,CENTRAL
100004028517,SLTR,EXH0443,CENTRAL
100006418220,FTR,EXH0493,CENTRAL
100007040951,NTR - 1,EXH0425,NORTH
100008594039,FTR,EXH0456,CENTRAL
100007276645,LTR - NORTH,EXH0402,CENTRAL
100007730807,CTR,EXH0592,CENTRAL
100006967720,NTR - 2,EXH0424,NORTH
100004867560,CTR,EXH0591,CENTRAL
100006311779,FTR,EXH0459,CENTRAL
100005225345,KTR - 2,EXH0015,SOUTH
100007723265,CTR,EXH0531,CENTRAL
100005296356,NTR - 1,EXH0566,NORTH
100000973340,KTR - 1,EXH0002,SOUTH
100008689897,SLTR,EXH0447,CENTRAL
100008753869,MTR,EXH0541,CENTRAL
1685875163,MTR,EXH0439,CENTRAL
2104034333,GTR,EXH0526R,CENTRAL
100008646849,SLTR,EXH0447,CENTRAL
100004672394,STR,EXH0598,SOUTH
100008781311,GTR,EXH0526Q,CENTRAL
100006727362,KTR - 2,EXH0016,SOUTH
100007708934,MTR,EXH0452,CENTRAL
100008653314,STR,EXH0437A,SOUTH
100005436883,CTR,EXH0596,CENTRAL
100004096684,FTR,EXH0459,CENTRAL
100008515727,NTR - 2,EXH0424,NORTH
100008663982,LTR - SOUTH,EXH0388,CENTRAL
100007974899,CTR,EXH0531,CENTRAL
100004324344,ITR,EXH0414,NORTH
2107138053,KTR - 2,EXH0018,SOUTH
100008536771,KTR - 3,EXH0032,SOUTH
100008610133,ITR,EXH0413,NORTH
100004696300,NTR - 2,EXH0571A,NORTH
100007367089,NTR - 2,EXH0624,NORTH
L1556332007,GTR,EXH0526R,CENTRAL
100005735962,NTR - 2,EXH0563,NORTH
100008775871,CTR,EXH0533,CENTRAL
100007323040,NTR - 2,EXH0424,NORTH
100003784392,MTR,EXH0452,CENTRAL
100008412637,GTR,EXH0442,CENTRAL
2107488532,RTR,EXH0617,NORTH
2100847819,NTR - 1,EXH0422,NORTH
100002743034,QTR,EXH0584,SOUTH
100004363631,SLTR,EXH0889,CENTRAL
100004164356,MTR,EXH0542,CENTRAL
100006970976,HTR,EXH0468,NORTH
100008617274,CTR,EXH0530,CENTRAL
100007857316,CTR,EXH0448,CENTRAL
100006756736,FTR,EXH0510,CENTRAL
100008746128,LTR - NORTH,EXH0372,CENTRAL
100004512325,KTR - 1,EXH0001,SOUTH
100007606080,HTR,EXH0468,NORTH
100007938800,NTR - 1,EXH0426,NORTH
100008355718,KTR - 3,EXH0021,SOUTH
100004783890,STR,EXH0557,SOUTH
2107556532,FTR,EXH0462,CENTRAL
2106810305,KTR - 2,EXH0018,SOUTH
100008310291,ITR,EXH0410,NORTH
100008646345,ITR,EXH0418,NORTH
100008262718,CTR,EXH0586,CENTRAL
100008915810,HYTR,EXH0512,SOUTH
100008607285,LTR - SOUTH,EXH0388,CENTRAL
100002578850,FTR,EXH0509,CENTRAL
100006459185,CTR,EXH0531,CENTRAL
100008737955,KTR - 2,EXH0015,SOUTH
100008728566,MTR,EXH0453,CENTRAL
100008478800,SLTR,EXH0445,CENTRAL
100008587164,STR,EXH0556,SOUTH
1523242537,SLTR,EXH0447,CENTRAL
100008354151,HTR,EXH0564,NORTH
100002822552,ITR,EXH0819,NORTH
100008467757,FTR,EXH0509,CENTRAL
100008657813,GTR,EXH0481,CENTRAL
100008498411,MTR,EXH0455,CENTRAL
100008631950,LTR - SOUTH,EXH0393,CENTRAL
100005284362,KTR - 2,EXH0016,SOUTH
1212735783,KTR - 1,EXH0012,SOUTH
100008496686,CTR,EXH0589,CENTRAL
L1533537380,SLTR,EXH0443,CENTRAL
100008685909,NTR - 1,EXH0478,NORTH
100006758763,LTR - SOUTH,EXH0370,CENTRAL
100007831711,MTR,EXH0451,CENTRAL
100003992384,HYTR,EXH0472,SOUTH
100008453946,GTR,EXH0441,CENTRAL
100008785305,STR,EXH0605,SOUTH
100008605847,SLTR,EXH0446,CENTRAL
100008593193,KTR - 1,EXH0001,SOUTH
100008276135,QTR,EXH0812,SOUTH
100008040821,GTR,EXH0441,CENTRAL
100007963000,ITR,EXH0412,NORTH
100005439292,LTR - SOUTH,EXH0389,CENTRAL
100003731905,LTR - NORTH,EXH0372,CENTRAL
100008101099,MTR,EXH0587,CENTRAL
100007443382,GTR,EXH0481,CENTRAL
100008366090,KTR - 3,EXH0021,SOUTH
100008801495,SLTR,EXH0443,CENTRAL
100008932654,QTR,EXH0576,SOUTH
100003477648,FTR,EXH0536,CENTRAL
100007903274,GTR,EXH0621,CENTRAL
100008654342,LTR - NORTH,EXH0371,CENTRAL
100007486285,ITR,EXH0627,NORTH
100008772886,STR,EXH0432,SOUTH
100007507651,GTR,EXH0526K,CENTRAL
100004016856,SLTR,EXH0445,CENTRAL
100005947753,NTR - 2,EXH0424,NORTH
100007452364,FTR,EXH0508,CENTRAL
100007583645,GTR,EXH0441,CENTRAL
100008710872,SLTR,EXH0501,CENTRAL
1622876244,MTR,EXH0454,CENTRAL
100008806232,MTR,EXH0873,CENTRAL
100008648136,FTR,EXH0510,CENTRAL
100008348530,QTR,EXH0419,SOUTH
1216941711,KTR - 3,EXH0024,SOUTH
100008887779,NTR - 2,EXH0830,NORTH
100005911718,HTR,EXH0468,NORTH
100007534516,KTR - 2,EXH0016,SOUTH
100000900533,LTR - NORTH,EXH0384,CENTRAL
100008046228,RTR,EXH0910,NORTH
100005728983,FTR,EXH0506,CENTRAL
100008376324,NTR - 1,EXH0425,NORTH
100008307030,KTR - 1,EXH0005,SOUTH
100002984728,ITR,EXH0413,NORTH
100006098133,LTR - NORTH,EXH0384,CENTRAL
100008403341,STR,EXH0433,SOUTH
100007496725,ITR,EXH0415,NORTH
100007555649,ITR,EXH0635,NORTH
100007659144,ITR,EXH0635,NORTH
100008579431,RTR,EXH0896,NORTH
100008025771,QTR,EXH0513,SOUTH
100008339539,HTR,EXH0564,NORTH
100007793845,ITR,EXH0819,NORTH
100004575936,GTR,EXH0440,CENTRAL
100006585884,GTR,EXH0516,CENTRAL
100008827038,ITR,EXH0410,NORTH
100008541754,NTR - 1,EXH0478,NORTH
100008522349,LTR - SOUTH,EXH0404,CENTRAL
1523259993,SLTR,EXH0447,CENTRAL
100009059130,STR,EXH0437A,SOUTH
100008434937,LTR - SOUTH,EXH0388,CENTRAL
100006775884,HTR,EXH0607,NORTH
100007402922,LTR - SOUTH,EXH0404,CENTRAL
100008001815,CTR,EXH0448,CENTRAL
2100879761,CTR,EXH0679,CENTRAL
100008721039,LTR - NORTH,EXH0405,CENTRAL
2107205800,KTR - 1,EXH0002,SOUTH
100008319804,FTR,EXH0510,CENTRAL
100006242057,NTR - 2,EXH0424,NORTH
100005504077,LTR - NORTH,EXH0402,CENTRAL
100008336727,CTR,EXH0594,CENTRAL
100008309280,KTR - 2,EXH0015,SOUTH
100006444539,CTR,EXH0883,CENTRAL
100007038289,ITR,EXH0635,NORTH
100004054610,SLTR,EXH0517D,CENTRAL
100008681105,MTR,EXH0454,CENTRAL
100007366944,KTR - 2,EXH0016,SOUTH
100008729852,KTR - 3,EXH0017,SOUTH
L1514425591,ITR,EXH0418,NORTH
100007086227,SLTR,EXH0875,CENTRAL
100008517893,KTR - 2,EXH0020,SOUTH
100008447020,NTR - 1,EXH0642,NORTH
100004399101,MTR,EXH0542,CENTRAL
100008540797,ITR,EXH0819,NORTH
1946816119,NTR - 1,EXH0566,NORTH
100007732185,STR,EXH0437,SOUTH
100007970171,MTR,EXH0546,CENTRAL
100008585616,HYTR,EXH0512,SOUTH
100008524783,LTR - NORTH,EXH0376,CENTRAL
100008709633,FTR,EXH0458,CENTRAL
100004764543,NTR - 1,EXH0640,NORTH
100007123014,KTR - 2,EXH0015,SOUTH
100007581452,ITR,EXH0412,NORTH
100008252854,HYTR,EXH0826,SOUTH
2102332460,LTR - NORTH,EXH0383,CENTRAL
100004672561,NTR - 1,EXH0625,NORTH
100008476808,ITR,EXH0410,NORTH
100008060315,CTR,EXH0430,CENTRAL
100007826591,ITR,EXH0819,NORTH
100008684344,KTR - 2,EXH0011,SOUTH
100003991840,STR,EXH0604,SOUTH
100008609394,FTR,EXH0461,CENTRAL
100008318574,STR,EXH0432,SOUTH
2101254615,MTR,EXH0542,CENTRAL
1946811110,NTR - 1,EXH0566,NORTH
100005999810,ITR,EXH0852,NORTH
1427562631,LTR - SOUTH,EXH0370,CENTRAL
100003816595,LTR - SOUTH,EXH0386,CENTRAL
100008103554,ITR,EXH0866,NORTH
100007381236,SLTR,EXH0517A,CENTRAL
1426309282,LTR - SOUTH,EXH0387,CENTRAL
100008458141,FTR,EXH0459,CENTRAL
100005627526,HYTR,EXH0636,SOUTH
1222781161,HYTR,EXH0473,SOUTH
100008622014,KTR - 2,EXH0020,SOUTH
100004222357,ITR,EXH0628,NORTH
100008354168,CTR,EXH0449,CENTRAL
100008445997,HYTR,EXH0477,SOUTH
100007954138,MTR,EXH0898,CENTRAL
100000785553,MTR,EXH0873,CENTRAL
100008518576,HTR,EXH0469,NORTH
100006752177,STR,EXH0431B,SOUTH
100006170067,GTR,EXH0526R,CENTRAL
100008748232,KTR - 1,EXH0004,SOUTH
100008730805,ITR,EXH0418,NORTH
100001554786,HTR,EXH0649,NORTH
100003895857,NTR - 1,EXH0639,NORTH
100008211526,SLTR,EXH0517A,CENTRAL
100005363434,STR,EXH0598A,SOUTH
100006849092,HTR,EXH0564,NORTH
1216902598,KTR - 3,EXH0024,SOUTH
100006733186,NTR - 1,EXH0868,NORTH
100008288811,KTR - 1,EXH0028,SOUTH
100007886174,LTR - SOUTH,EXH0471,CENTRAL
100005865920,HYTR,EXH0554,SOUTH
100008719435,NTR - 1,EXH0625,NORTH
100004485157,GTR,EXH0847,CENTRAL
100006277589,MTR,EXH0899,CENTRAL
100003184343,ITR,EXH0914,NORTH
1608363096,MTR,EXH0505,CENTRAL
100004170781,NTR - 2,EXH0423,NORTH
100006799435,LTR - SOUTH,EXH0393,CENTRAL
100007376934,LTR - NORTH,EXH0377,CENTRAL
100003815727,LTR - NORTH,EXH0405,CENTRAL
100008468146,LTR - NORTH,EXH0402,CENTRAL
100004779381,QTR,EXH0420,SOUTH
100006016815,NTR - 2,EXH0424,NORTH
100006819699,SLTR,EXH0492,CENTRAL
2103171528,NTR - 1,EXH0478,NORTH
100008675399,LTR - NORTH,EXH0377,CENTRAL
100005706301,MTR,EXH0873,CENTRAL
100006697882,RTR,EXH0653,NORTH
100007378561,FTR,EXH0456,CENTRAL
100006002154,NTR - 1,EXH0626,NORTH
1216619853,KTR - 3,EXH0021,SOUTH
100008566011,CTR,EXH0528,CENTRAL
1418783469,FTR,EXH0461,CENTRAL
100006854740,NTR - 1,EXH0478,NORTH
L1212438281,KTR - 1,EXH0008,SOUTH
100005950638,MTR,EXH0537,CENTRAL
100008661623,KTR - 1,EXH0001,SOUTH
100008665855,STR,EXH0437,SOUTH
100004698140,QTR,EXH0815,SOUTH
100007121401,QTR,EXH0816,SOUTH
100008413903,KTR - 3,EXH0023,SOUTH
1945822010,NTR - 1,EXH0567,NORTH
100006541963,STR,EXH0599,SOUTH
100008878476,ITR,EXH0852,NORTH
100007325628,GTR,EXH0441,CENTRAL
100008559394,FTR,EXH0457,CENTRAL
2100417521,RTR,EXH0629,NORTH
100005498867,NTR - 1,EXH0570,NORTH
100007789281,ITR,EXH0628,NORTH
100008922294,NTR - 2,EXH0571A,NORTH
100006398161,QTR,EXH0420,SOUTH
100001396561,RTR,EXH0518,NORTH
1723651449,STR,EXH0615,SOUTH
100008508602,NTR - 1,EXH0567,NORTH
100008212905,SLTR,EXH0443,CENTRAL
100008304568,SLTR,EXH0514,CENTRAL
2104866989,KTR - 2,EXH0018,SOUTH
100008060658,LTR - SOUTH,EXH0398,CENTRAL
100006618951,HTR,EXH0607,NORTH
100008237021,STR,EXH0560,SOUTH
100007979312,FTR,EXH0506,CENTRAL
100009092028,STR,EXH0559,SOUTH
100008633810,HYTR,EXH0487,SOUTH
100005759569,NTR - 1,EXH0566,NORTH
100008819392,SLTR,EXH0501,CENTRAL
100005759397,KTR - 2,EXH0016,SOUTH
100008817310,CTR,EXH0429,CENTRAL
100002792677,FTR,EXH0510,CENTRAL
100008247598,NTR - 1,EXH0427,NORTH
100006270164,NTR - 1,EXH0426,NORTH
100007394748,SLTR,EXH0517D,CENTRAL
100002349256,NTR - 1,EXH0572,NORTH
100003451058,LTR - SOUTH,EXH0396,CENTRAL
L2106600229,CTR,EXH0585,CENTRAL
100009056657,SLTR,EXH0443,CENTRAL
100008532035,ITR,EXH0418,NORTH
100006515089,NTR - 2,EXH0571A,NORTH
100005960136,LTR - SOUTH,EXH0895,CENTRAL
100008806650,LTR - SOUTH,EXH0388,CENTRAL
100008688798,QTR,EXH0419,SOUTH
100002605238,ITR,EXH0414,NORTH
100008230339,NTR - 1,EXH0868,NORTH
100008155332,KTR - 2,EXH0036,SOUTH
100008429809,RTR,EXH0896,NORTH
100008790420,KTR - 1,EXH0008,SOUTH
L1930000136,FTR,EXH0536,CENTRAL
100008590407,NTR - 1,EXH0566,NORTH
100008321464,CTR,EXH0499,CENTRAL
100008235133,LTR - SOUTH,EXH0387,CENTRAL
100009102218,HYTR,EXH0473,SOUTH
100008709133,SLTR,EXH0501,CENTRAL
100008128938,RTR,EXH0617,NORTH
100006874458,NTR - 1,EXH0566,NORTH
100006278787,MTR,EXH0544,CENTRAL
100006559004,KTR - 3,EXH0032,SOUTH
100008544832,KTR - 1,EXH0001,SOUTH
100008646027,SLTR,EXH0875,CENTRAL
100000217335,STR,EXH0560A,SOUTH
100008388302,GTR,EXH0442,CENTRAL
100004090373,ITR,EXH0418,NORTH
100008244871,KTR - 3,EXH0023,SOUTH
1214391065,KTR - 2,EXH0016,SOUTH
1912950853,NTR - 1,EXH0869,NORTH
100007876131,MTR,EXH0541,CENTRAL
100008603029,MTR,EXH0439,CENTRAL
100007948130,LTR - SOUTH,EXH0393,CENTRAL
100008796496,ITR,EXH0634,NORTH
100006727328,GTR,EXH0442,CENTRAL
100008241021,ITR,EXH0410,NORTH
2107083368,ITR,EXH0849,NORTH
2106663497,NTR - 1,EXH0427,NORTH
L1483795395,FTR,EXH0507,CENTRAL
100008495466,SLTR,EXH0517A,CENTRAL
100008757921,KTR - 3,EXH0017,SOUTH
100005494186,RTR,EXH0629,NORTH
2102501463,KTR - 2,EXH0015,SOUTH
100007658690,FTR,EXH0510,CENTRAL
100008575712,CTR,EXH0499,CENTRAL
100007347534,CTR,EXH0499,CENTRAL
100008500944,NTR - 2,EXH0563,NORTH
2100781279,MTR,EXH0454,CENTRAL
100007718271,NTR - 2,EXH0637,NORTH
2102072408,NTR - 1,EXH0572,NORTH
2103407201,QTR,EXH0584,SOUTH
100007162034,GTR,EXH0441,CENTRAL
100007567737,CTR,EXH0530,CENTRAL
100007529745,NTR - 2,EXH0569,NORTH
100008676833,HYTR,EXH0828,SOUTH
2107205041,LTR - SOUTH,EXH0387,CENTRAL
100008474754,ITR,EXH0850,NORTH
100008458413,ITR,EXH0413,NORTH
100008481154,GTR,EXH0483,CENTRAL
100008036210,SLTR,EXH0444,CENTRAL
100008798915,NTR - 1,EXH0648,NORTH
100008786114,SLTR,EXH0501,CENTRAL
100008202903,FTR,EXH0506,CENTRAL
100008422832,NTR - 1,EXH0572,NORTH
100008709783,RTR,EXH0896,NORTH
100007073717,STR,EXH0557,SOUTH
100005303068,FTR,EXH0458,CENTRAL
100008149007,RTR,EXH0527,NORTH
100008645637,LTR - SOUTH,EXH0393,CENTRAL
100008634683,ITR,EXH0418,NORTH
100001837575,MTR,EXH0452,CENTRAL
100008570325,MTR,EXH0543,CENTRAL
100006795846,RTR,EXH0912,NORTH
100008109271,LTR - SOUTH,EXH0404,CENTRAL
100008438828,LTR - SOUTH,EXH0386,CENTRAL
100008107775,LTR - SOUTH,EXH0393,CENTRAL
100005817557,FTR,EXH0464,CENTRAL
100008274048,FTR,EXH0457,CENTRAL
100008180301,KTR - 2,EXH0018,SOUTH
100001917137,LTR - NORTH,EXH0374,CENTRAL
100008761913,ITR,EXH0852,NORTH
100008393145,KTR - 1,EXH0003,SOUTH
100007701325,SLTR,EXH0501,CENTRAL
100007327693,FTR,EXH0506,CENTRAL
100005750599,KTR - 3,EXH0017,SOUTH
100005620907,ITR,EXH0858,NORTH
L1412697953,FTR,EXH0462,CENTRAL
100006183925,FTR,EXH0508,CENTRAL
100007035100,KTR - 1,EXH0004,SOUTH
100006080726,STR,EXH0598,SOUTH
2100269967,SLTR,EXH0517A,CENTRAL
100008551325,KTR - 3,EXH0024,SOUTH
100008511276,LTR - NORTH,EXH0402,CENTRAL
100008378704,ITR,EXH0418,NORTH
100007682591,LTR - NORTH,EXH0401,CENTRAL
1515508463,ITR,EXH0850,NORTH
100006249664,GTR,EXH0621,CENTRAL
100008787355,LTR - SOUTH,EXH0394,CENTRAL
100008457585,MTR,EXH0603,CENTRAL
2105983664,ITR,EXH0418,NORTH
100000081296,STR,EXH0615,SOUTH
100008232476,MTR,EXH0537,CENTRAL
100004662795,QTR,EXH0520,SOUTH
100008147718,SLTR,EXH0501,CENTRAL
100008716268,HTR,EXH0885,NORTH
100008014565,NTR - 2,EXH0622,NORTH
100007915657,CTR,EXH0428,CENTRAL
100008716577,SLTR,EXH0888,CENTRAL
100008510103,LTR - NORTH,EXH0383,CENTRAL
100009114028,MTR,EXH0453,CENTRAL
100008663257,SLTR,EXH0443,CENTRAL
100008190303,KTR - 1,EXH0012,SOUTH
100007923080,NTR - 1,EXH0572,NORTH
100008655257,KTR - 1,EXH0029,SOUTH
100005533452,GTR,EXH0526K,CENTRAL
100008605652,LTR - NORTH,EXH0374,CENTRAL
L2103686978,SLTR,EXH0525,CENTRAL
100008786827,KTR - 1,EXH0028,SOUTH
100003376862,HYTR,EXH0547,SOUTH
2102858136,LTR - SOUTH,EXH0404,CENTRAL
100006661785,SLTR,EXH0891,CENTRAL
2101146291,LTR - SOUTH,EXH0388,CENTRAL
2100685776,KTR - 3,EXH0030,SOUTH
100008701435,STR,EXH0558,SOUTH
1427970163,LTR - NORTH,EXH0378,CENTRAL
100007308134,GTR,EXH0526R,CENTRAL
100007757910,MTR,EXH0453,CENTRAL
100008742054,LTR - NORTH,EXH0400,CENTRAL
100005888410,KTR - 2,EXH0020,SOUTH
100007859768,MTR,EXH0873,CENTRAL
100008720556,NTR - 1,EXH0426,NORTH
100008597455,SLTR,EXH0489,CENTRAL
100005849059,FTR,EXH0509,CENTRAL
100005069034,NTR - 1,EXH0625,NORTH
100005226532,SLTR,EXH0447,CENTRAL
100008521177,KTR - 3,EXH0021,SOUTH
100008548264,STR,EXH0560B,SOUTH
L1544626613,RTR,EXH0657,NORTH
100008517156,HYTR,EXH0826,SOUTH
100007789296,SLTR,EXH0891,CENTRAL
100007367910,ITR,EXH0418,NORTH
100008606855,LTR - NORTH,EXH0383,CENTRAL
L1214967905,KTR - 3,EXH0017,SOUTH
100008555057,SLTR,EXH0444,CENTRAL
100008577840,HYTR,EXH0487,SOUTH
100006452240,LTR - SOUTH,EXH0386,CENTRAL
100008966010,LTR - SOUTH,EXH0386,CENTRAL
100006738139,MTR,EXH0455,CENTRAL
100004713213,GTR,EXH0440,CENTRAL
100006668108,ITR,EXH0819,NORTH
100008586693,STR,EXH0560,SOUTH
100008375467,CTR,EXH0499,CENTRAL
100008423777,GTR,EXH0516,CENTRAL
100008649208,ITR,EXH0412,NORTH
100006498707,SLTR,EXH0444,CENTRAL
100008643978,ITR,EXH0858,NORTH
100008791674,LTR - NORTH,EXH0373,CENTRAL
100008477773,GTR,EXH0481,CENTRAL
100001250242,GTR,EXH0481,CENTRAL
100008461102,LTR - SOUTH,EXH0390,CENTRAL
L1412691808,FTR,EXH0462,CENTRAL
100008687934,CTR,EXH0883,CENTRAL
100006295392,LTR - SOUTH,EXH0388,CENTRAL
100008780328,KTR - 3,EXH0024,SOUTH
100008895267,KTR - 1,EXH0003,SOUTH
100005513429,CTR,EXH0595,CENTRAL
100007108426,MTR,EXH0873,CENTRAL
100008548805,KTR - 2,EXH0016,SOUTH
1427721665,LTR - NORTH,EXH0371,CENTRAL
L2105770511,GTR,EXH0526W,CENTRAL
100006776488,QTR,EXH0578,SOUTH
100008075192,HYTR,EXH0475,SOUTH
100004274166,FTR,EXH0466,CENTRAL
100003358827,STR,EXH0437A,SOUTH
100008146265,HTR,EXH0885,NORTH
100008363818,NTR - 2,EXH0424,NORTH
100000105109,HYTR,EXH0474,SOUTH
100004682225,QTR,EXH0419,SOUTH
100008243996,CTR,EXH0595,CENTRAL
100003614850,CTR,EXH0528,CENTRAL
100008738180,HYTR,EXH0487,SOUTH
L1477622467,FTR,EXH0506,CENTRAL
100008590810,NTR - 1,EXH0427,NORTH
100008479063,LTR - NORTH,EXH0402,CENTRAL
100008538040,CTR,EXH0499,CENTRAL
100007512755,HYTR,EXH0660,SOUTH
100008547343,STR,EXH0435,SOUTH
100008694120,SLTR,EXH0444,CENTRAL
100008140667,NTR - 1,EXH0566,NORTH
100003367242,CTR,EXH0429,CENTRAL
100007504265,NTR - 1,EXH0425,NORTH
100004955613,LTR - NORTH,EXH0402,CENTRAL
100008474321,NTR - 1,EXH0426,NORTH
100008604572,LTR - NORTH,EXH0405,CENTRAL
100008805017,LTR - SOUTH,EXH0387,CENTRAL
100003286759,LTR - NORTH,EXH0382,CENTRAL
100008644612,CTR,EXH0883,CENTRAL
2106661350,ITR,EXH0413,NORTH
100008361073,STR,EXH0599,SOUTH
100007642351,HYTR,EXH0475,SOUTH
100003494276,ITR,EXH0418,NORTH
2102173999,MTR,EXH0537,CENTRAL
100008660101,HYTR,EXH0549,SOUTH
100003248430,SLTR,EXH0447,CENTRAL
100008970615,MTR,EXH0546,CENTRAL
100002246619,KTR - 1,EXH0003,SOUTH
2100180489,GTR,EXH0526W,CENTRAL
100008465166,KTR - 3,EXH0024,SOUTH
100008350138,FTR,EXH0507,CENTRAL
1212632372,KTR - 1,EXH0007,SOUTH
100008605242,QTR,EXH0420,SOUTH
100008853647,ITR,EXH0627,NORTH
100006282992,STR,EXH0556A,SOUTH
100008524070,LTR - NORTH,EXH0383,CENTRAL
100007594284,MTR,EXH0454,CENTRAL
100005839507,GTR,EXH0482,CENTRAL
100002814858,GTR,EXH0488,CENTRAL
100004851912,GTR,EXH0442,CENTRAL
100005832636,KTR - 1,EXH0003,SOUTH
100008921128,SLTR,EXH0501,CENTRAL
100007944873,HTR,EXH0468,NORTH
100006583598,CTR,EXH0530,CENTRAL
100008478469,CTR,EXH0448,CENTRAL
100004846473,NTR - 1,EXH0566,NORTH
100008439772,LTR - SOUTH,EXH0398,CENTRAL
2106667862,ITR,EXH0416,NORTH
100005990543,CTR,EXH0585,CENTRAL
100008681824,STR,EXH0560C,SOUTH
2107015845,LTR - NORTH,EXH0383,CENTRAL
1553891741,GTR,EXH0483,CENTRAL
1426373526,LTR - SOUTH,EXH0387,CENTRAL
100008511993,KTR - 3,EXH0024,SOUTH
1214927761,KTR - 2,EXH0015,SOUTH
100008696544,LTR - NORTH,EXH0401,CENTRAL
100007934053,MTR,EXH0873,CENTRAL
100007921943,MTR,EXH0541,CENTRAL
1404555921,CTR,EXH0449,CENTRAL
100008313438,HTR,EXH0564,NORTH
1544624306,RTR,EXH0657,NORTH
100004683549,QTR,EXH0916,SOUTH
100004044816,KTR - 1,EXH0006,SOUTH
100002587670,FTR,EXH0535,CENTRAL
100004068875,MTR,EXH0439,CENTRAL
100008220590,SLTR,EXH0444,CENTRAL
100008536462,KTR - 1,EXH0001,SOUTH
1214824898,KTR - 3,EXH0017,SOUTH
100003962717,CTR,EXH0533,CENTRAL
100008286835,MTR,EXH0541,CENTRAL
100005203628,NTR - 1,EXH0567,NORTH
100008548101,SLTR,EXH0445,CENTRAL
1214800405,KTR - 3,EXH0017,SOUTH
100008764845,NTR - 1,EXH0566,NORTH
100008692085,SLTR,EXH0443,CENTRAL
100005092940,MTR,EXH0541,CENTRAL
100007417392,LTR - SOUTH,EXH0394,CENTRAL
100008690575,LTR - SOUTH,EXH0396,CENTRAL
100007485684,GTR,EXH0526R,CENTRAL
100008124807,KTR - 2,EXH0015,SOUTH
100008784719,KTR - 1,EXH0001,SOUTH
2103358931,NTR - 1,EXH0626,NORTH
100008327635,CTR,EXH0530,CENTRAL
100008197746,LTR - NORTH,EXH0376,CENTRAL
100008350455,LTR - NORTH,EXH0381,CENTRAL
100007599073,KTR - 2,EXH0016,SOUTH
1427595975,LTR - SOUTH,EXH0901,CENTRAL
100005952597,SLTR,EXH0446,CENTRAL
100008795031,LTR - NORTH,EXH0371,CENTRAL
100008719738,HYTR,EXH0828,SOUTH
100008792462,GTR,EXH0516,CENTRAL
100008423191,HYTR,EXH0472,SOUTH
100007605134,KTR - 3,EXH0032,SOUTH
100007565399,GTR,EXH0441,CENTRAL
100003527161,LTR - SOUTH,EXH0394,CENTRAL
100008341704,KTR - 1,EXH0006,SOUTH
100005442159,SLTR,EXH0878,CENTRAL
100008566554,MTR,EXH0454,CENTRAL
100006962931,RTR,EXH0653,NORTH
100007863695,LTR - SOUTH,EXH0388,CENTRAL
100006600107,FTR,EXH0507,CENTRAL
100005836910,LTR - NORTH,EXH0384,CENTRAL
100002998731,LTR - NORTH,EXH0383,CENTRAL
100008189510,STR,EXH0431,SOUTH
100006849625,MTR,EXH0898,CENTRAL
100008589089,ITR,EXH0858,NORTH
100007810244,RTR,EXH0568,NORTH
100005830111,HYTR,EXH0472,SOUTH
100008429380,ITR,EXH0414,NORTH
2100176867,LTR - SOUTH,EXH0398,CENTRAL
100005522282,KTR - 1,EXH0012,SOUTH
100008390934,NTR - 2,EXH0467,NORTH
100008365862,LTR - SOUTH,EXH0403,CENTRAL
100009009971,STR,EXH0560,SOUTH
100007268633,NTR - 2,EXH0423,NORTH
100008130370,CTR,EXH0429,CENTRAL
100007725484,FTR,EXH0464,CENTRAL
100008069684,LTR - SOUTH,EXH0388,CENTRAL
100007588777,STR,EXH0431A,SOUTH
100006056216,KTR - 2,EXH0016,SOUTH
100006647454,KTR - 1,EXH0006,SOUTH
100008288014,ITR,EXH0658,NORTH
100008592305,FTR,EXH0460,CENTRAL
100007549790,FTR,EXH0892,CENTRAL
100008919044,ITR,EXH0412,NORTH
2102391470,ITR,EXH0418,NORTH
100008181693,KTR - 2,EXH0018,SOUTH
100001520525,STR,EXH0556,SOUTH
100002690192,FTR,EXH0461,CENTRAL
100008121708,MTR,EXH0546,CENTRAL
100006904269,KTR - 1,EXH0001,SOUTH
100003370679,CTR,EXH0430,CENTRAL
100004333697,SLTR,EXH0445,CENTRAL
100006901408,ITR,EXH0414,NORTH
L1412656452,FTR,EXH0459,CENTRAL
100008274958,FTR,EXH0456,CENTRAL
100004399087,KTR - 1,EXH0002,SOUTH
1215842617,KTR - 1,EXH0003,SOUTH
1427632518,LTR - NORTH,EXH0383,CENTRAL
100008692143,STR,EXH0556A,SOUTH
100008665392,SLTR,EXH0878,CENTRAL
100008621875,MTR,EXH0452,CENTRAL
100006963858,LTR - SOUTH,EXH0396,CENTRAL
100008300422,KTR - 1,EXH0006,SOUTH
100005287006,CTR,EXH0430,CENTRAL
100008011185,LTR - SOUTH,EXH0404,CENTRAL
100006449324,GTR,EXH0526K,CENTRAL
100008578291,LTR - SOUTH,EXH0398,CENTRAL
100008495309,SLTR,EXH0447,CENTRAL
100007627714,ITR,EXH0851,NORTH
100008677432,CTR,EXH0533,CENTRAL
100007791280,LTR - SOUTH,EXH0895,CENTRAL
100008750304,HTR,EXH0649,NORTH
100007924248,NTR - 2,EXH0424,NORTH
L1544650229,RTR,EXH0629,NORTH
100008869976,RTR,EXH0614,NORTH
100007745904,LTR - SOUTH,EXH0387,CENTRAL
100006264010,CTR,EXH0430,CENTRAL
100008456578,KTR - 3,EXH0021,SOUTH
100000151928,MTR,EXH0542,CENTRAL
100008864889,STR,EXH0560,SOUTH
100008119350,MTR,EXH0455,CENTRAL
100006678277,KTR - 2,EXH0018,SOUTH
100008712575,GTR,EXH0483,CENTRAL
100008502990,NTR - 2,EXH0424,NORTH
100006990536,CTR,EXH0595,CENTRAL
1214510856,KTR - 2,EXH0020,SOUTH
100008508750,MTR,EXH0873,CENTRAL
100008498789,FTR,EXH0509,CENTRAL
100008588448,ITR,EXH0410,NORTH
100008708095,HYTR,EXH0487,SOUTH
100005122125,KTR - 1,EXH0008,SOUTH
1405460287,CTR,EXH0595,CENTRAL
100008733236,FTR,EXH0508,CENTRAL
100008403985,ITR,EXH0851,NORTH
2100237787,NTR - 1,EXH0425,NORTH
100008738863,KTR - 2,EXH0018,SOUTH
100007368347,MTR,EXH0873,CENTRAL
100007836015,ITR,EXH0633,NORTH
100007963254,NTR - 2,EXH0624,NORTH
100007782312,CTR,EXH0430,CENTRAL
100008702277,ITR,EXH0410,NORTH
100005332147,HYTR,EXH0552,SOUTH
100008691270,FTR,EXH0510,CENTRAL
100006209266,ITR,EXH0417,NORTH
100007762669,STR,EXH0560C,SOUTH
100008584822,SLTR,EXH0446,CENTRAL
100005287262,HTR,EXH0564,NORTH
100005705081,KTR - 3,EXH0024,SOUTH
100008655311,LTR - SOUTH,EXH0394,CENTRAL
100008782609,FTR,EXH0462,CENTRAL
100005697983,NTR - 1,EXH0572,NORTH
100007214828,GTR,EXH0442,CENTRAL
100008096421,MTR,EXH0900,CENTRAL
100008475223,GTR,EXH0500,CENTRAL
100002275607,KTR - 1,EXH0007,SOUTH
100008626776,HYTR,EXH0474,SOUTH
100004772598,STR,EXH0437A,SOUTH
100007798879,CTR,EXH0430,CENTRAL
100008488494,KTR - 1,EXH0002,SOUTH
100007580687,HTR,EXH0564,NORTH
100008867843,MTR,EXH0439,CENTRAL
100008629450,ITR,EXH0415,NORTH
100006166021,ITR,EXH0412,NORTH
100008592025,ITR,EXH0417,NORTH
100007802232,MTR,EXH0455,CENTRAL
100005484189,NTR - 1,EXH0567,NORTH
100008707289,FTR,EXH0510,CENTRAL
100008245091,HYTR,EXH0554,SOUTH
100007565993,FTR,EXH0509,CENTRAL
100008418797,MTR,EXH0451,CENTRAL
1427637191,LTR - NORTH,EXH0383,CENTRAL
100008671487,NTR - 1,EXH0427,NORTH
100008498302,NTR - 1,EXH0641,NORTH
100004738076,NTR - 1,EXH0677,NORTH
100004815305,FTR,EXH0461,CENTRAL
100008445441,KTR - 2,EXH0015,SOUTH
1216616301,KTR - 3,EXH0021,SOUTH
100006505250,CTR,EXH0596,CENTRAL
100007678316,LTR - SOUTH,EXH0397,CENTRAL
100007070157,KTR - 3,EXH0010,SOUTH
100009107001,NTR - 2,EXH0835,NORTH
100008673488,CTR,EXH0586,CENTRAL
100008581698,CTR,EXH0449,CENTRAL
100006811299,SLTR,EXH0517D,CENTRAL
100008586768,RTR,EXH0521,NORTH
1215385967,KTR - 1,EXH0002,SOUTH
100005693300,NTR - 1,EXH0566,NORTH
100007857908,KTR - 3,EXH0502,SOUTH
100008982533,MTR,EXH0541,CENTRAL
100004143377,SLTR,EXH0446,CENTRAL
100006649662,ITR,EXH0819,NORTH
100005953748,LTR - SOUTH,EXH0395,CENTRAL
1214972771,KTR - 3,EXH0017,SOUTH
100008476503,LTR - SOUTH,EXH0895,CENTRAL
100008464716,LTR - NORTH,EXH0402,CENTRAL
100002983115,FTR,EXH0461,CENTRAL
100008140275,HTR,EXH0562,NORTH
100008585358,LTR - SOUTH,EXH0397,CENTRAL
100006943386,LTR - NORTH,EXH0376,CENTRAL
100008668935,LTR - SOUTH,EXH0895,CENTRAL
1533606618,SLTR,EXH0501,CENTRAL
100008628258,NTR - 1,EXH0565,NORTH
100005718219,SLTR,EXH0891,CENTRAL
100008336967,LTR - SOUTH,EXH0389,CENTRAL
100008181649,SLTR,EXH0517C,CENTRAL
100007262695,RTR,EXH0486,NORTH
100008786852,ITR,EXH0635,NORTH
100008378885,NTR - 2,EXH0424,NORTH
100008080337,SLTR,EXH0444,CENTRAL
100008588396,STR,EXH0615,SOUTH
100008805551,KTR - 1,EXH0001,SOUTH
100006606640,LTR - NORTH,EXH0379,CENTRAL
100007531534,NTR - 2,EXH0624,NORTH
100008419496,LTR - NORTH,EXH0402,CENTRAL
100007313745,FTR,EXH0458,CENTRAL
100003036940,ITR,EXH0414,NORTH
100007979589,MTR,EXH0455,CENTRAL
100004730898,STR,EXH0560C,SOUTH
100007705585,SLTR,EXH0517D,CENTRAL
100004068450,ITR,EXH0851,NORTH
100006414650,GTR,EXH0480,CENTRAL
1515502604,ITR,EXH0416,NORTH
1244360611,STR,EXH0437A,SOUTH
100009009242,RTR,EXH0911,NORTH
100007809868,STR,EXH0434,SOUTH
100007648980,SLTR,EXH0447,CENTRAL
100001365641,ITR,EXH0410,NORTH
100007207340,CTR,EXH0529,CENTRAL
1212410579,KTR - 1,EXH0008,SOUTH
100007448514,LTR - SOUTH,EXH0895,CENTRAL
100001982287,QTR,EXH0421,SOUTH
100008536305,MTR,EXH0537,CENTRAL
100008926613,FTR,EXH0893,CENTRAL
100008838103,SLTR,EXH0876,CENTRAL
100003229187,GTR,EXH0526W,CENTRAL
100003336186,MTR,EXH0587,CENTRAL
100004001831,NTR - 1,EXH0572,NORTH
100007751576,SLTR,EXH0878,CENTRAL
1553258748,GTR,EXH0440,CENTRAL
100007765424,NTR - 2,EXH0622,NORTH
100008675410,LTR - NORTH,EXH0377,CENTRAL
100004225070,MTR,EXH0620,CENTRAL
100008625167,KTR - 3,EXH0017,SOUTH
100005532459,NTR - 1,EXH0565,NORTH
100005415722,HYTR,EXH0474,SOUTH
100008621093,CTR,EXH0448,CENTRAL
100004201701,GTR,EXH0526W,CENTRAL
1216633556,KTR - 3,EXH0021,SOUTH
100008415182,ITR,EXH0627,NORTH
100005716127,KTR - 2,EXH0019,SOUTH
100008197788,STR,EXH0605,SOUTH
100009015483,STR,EXH0598A,SOUTH
L2106347169,RTR,EXH0912,NORTH
100008190820,ITR,EXH0417,NORTH
100006503917,RTR,EXH0518,NORTH
100007388014,KTR - 3,EXH0010,SOUTH
100008552323,SLTR,EXH0443,CENTRAL
1533608736,SLTR,EXH0501,CENTRAL
100006831364,LTR - NORTH,EXH0376,CENTRAL
100007734674,GTR,EXH0846,CENTRAL
100007301947,NTR - 1,EXH0478,NORTH
100007546654,MTR,EXH0545,CENTRAL
100008505078,ITR,EXH0410,NORTH
100007549174,GTR,EXH0483,CENTRAL
100008832000,ITR,EXH0410,NORTH
100006820397,MTR,EXH0454,CENTRAL
100004820447,KTR - 2,EXH0016,SOUTH
100008966148,LTR - NORTH,EXH0401,CENTRAL
100005662534,KTR - 3,EXH0024,SOUTH
100006321623,NTR - 1,EXH0478,NORTH
100008556420,MTR,EXH0900,CENTRAL
100008929475,LTR - SOUTH,EXH0387,CENTRAL
1514442121,ITR,EXH0412,NORTH
100008431717,FTR,EXH0465,CENTRAL
100007902469,LTR - SOUTH,EXH0396,CENTRAL
2102626675,KTR - 3,EXH0021,SOUTH
100003833579,LTR - NORTH,EXH0382,CENTRAL
100005194679,SLTR,EXH0517C,CENTRAL
100005772786,LTR - NORTH,EXH0402,CENTRAL
100008524894,NTR - 2,EXH0569,NORTH
100007369966,RTR,EXH0653,NORTH
1553866117,GTR,EXH0488,CENTRAL
100007953270,STR,EXH0615,SOUTH
100003350536,QTR,EXH0420,SOUTH
1212720460,KTR - 1,EXH0012,SOUTH
100004802890,NTR - 2,EXH0424,NORTH
100008513793,CTR,EXH0591,CENTRAL
100006930334,NTR - 2,EXH0624,NORTH
100000024914,MTR,EXH0545,CENTRAL
100006293291,SLTR,EXH0445,CENTRAL
1214927821,KTR - 2,EXH0015,SOUTH
100006980909,MTR,EXH0537,CENTRAL
100007714584,NTR - 1,EXH0572,NORTH
1533523838,SLTR,EXH0443,CENTRAL
100004869792,GTR,EXH0526W,CENTRAL
100008561091,HYTR,EXH0550,SOUTH
100008475244,SLTR,EXH0878,CENTRAL
100005412211,RTR,EXH0613,NORTH
100006807776,MTR,EXH0544,CENTRAL
100004936234,MTR,EXH0505,CENTRAL
100008811577,SLTR,EXH0443,CENTRAL
100007817865,FTR,EXH0456,CENTRAL
100006020100,FTR,EXH0456,CENTRAL
100007846115,STR,EXH0598A,SOUTH
100007856522,NTR - 2,EXH0423,NORTH
100008696276,LTR - NORTH,EXH0402,CENTRAL
100008720314,HYTR,EXH0839,SOUTH
100003214018,KTR - 2,EXH0015,SOUTH
100008742386,FTR,EXH0508,CENTRAL
100008433134,STR,EXH0662,SOUTH
100008378708,STR,EXH0435,SOUTH
100005984823,MTR,EXH0439,CENTRAL
100004452669,HYTR,EXH0554,SOUTH
2107120958,LTR - SOUTH,EXH0388,CENTRAL
100008792097,SLTR,EXH0443,CENTRAL
100008756509,SLTR,EXH0501,CENTRAL
100008472823,HYTR,EXH0474,SOUTH
1812442243,QTR,EXH0421,SOUTH
100005441510,NTR - 1,EXH0625,NORTH
2106884875,LTR - NORTH,EXH0382,CENTRAL
100008365075,LTR - NORTH,EXH0402,CENTRAL
100007594752,MTR,EXH0494,CENTRAL
100008776858,LTR - SOUTH,EXH0388,CENTRAL
100008660370,ITR,EXH0866,NORTH
100007299890,KTR - 1,EXH0005,SOUTH
100008807601,FTR,EXH0507,CENTRAL
100008600388,KTR - 2,EXH0602,SOUTH
100008404501,NTR - 2,EXH0424,NORTH
100008142329,LTR - NORTH,EXH0384,CENTRAL
100006749301,GTR,EXH0526K,CENTRAL
100004777170,CTR,EXH0429,CENTRAL
100008255019,ITR,EXH0410,NORTH
100003924274,ITR,EXH0413,NORTH
100007976444,RTR,EXH0911,NORTH
100008188434,KTR - 3,EXH0033,SOUTH
100008555211,SLTR,EXH0444,CENTRAL
100006744782,QTR,EXH0576,SOUTH
100006612433,CTR,EXH0679,CENTRAL
100008994234,RTR,EXH0657,NORTH
100004568521,MTR,EXH0546,CENTRAL
100006903623,HTR,EXH0562,NORTH
100008031167,FTR,EXH0504,CENTRAL
100005145115,SLTR,EXH0447,CENTRAL
100008221375,LTR - NORTH,EXH0383,CENTRAL
1212441470,KTR - 1,EXH0008,SOUTH
100008414074,KTR - 2,EXH0015,SOUTH
100008551726,KTR - 1,EXH0012,SOUTH
100007159868,SLTR,EXH0875,CENTRAL
100004139800,NTR - 1,EXH0625,NORTH
100001323622,KTR - 2,EXH0020,SOUTH
100008769863,ITR,EXH0410,NORTH
1543540035,RTR,EXH0561,NORTH
100006626993,LTR - NORTH,EXH0377,CENTRAL
1533536136,SLTR,EXH0443,CENTRAL
100005758508,SLTR,EXH0445,CENTRAL
1946775606,NTR - 1,EXH0566,NORTH
100004049028,GTR,EXH0516,CENTRAL
100001852669,NTR - 2,EXH0622,NORTH
1427462588,LTR - SOUTH,EXH0389,CENTRAL
100008559341,CTR,EXH0592,CENTRAL
100006449770,LTR - SOUTH,EXH0403,CENTRAL
1563810034,CTR,EXH0428,CENTRAL
100006972510,LTR - SOUTH,EXH0895,CENTRAL
100008289625,CTR,EXH0531,CENTRAL
100008828028,SLTR,EXH0517B,CENTRAL
1214921631,KTR - 2,EXH0015,SOUTH
100005191815,LTR - SOUTH,EXH0393,CENTRAL
100008658237,ITR,EXH0866,NORTH
100008569109,STR,EXH0433,SOUTH
100006234461,KTR - 3,EXH0032,SOUTH
1614556863,MTR,EXH0451,CENTRAL
100006701460,NTR - 1,EXH0567,NORTH
100008704212,LTR - SOUTH,EXH0388,CENTRAL
100008073365,SLTR,EXH0444,CENTRAL
100007814734,GTR,EXH0441,CENTRAL
100008738670,ITR,EXH0410,NORTH
1512260626,ITR,EXH0411,NORTH
100008282071,ITR,EXH0852,NORTH
100008742410,KTR - 1,EXH0012,SOUTH
100004563129,ITR,EXH0413,NORTH
100007693902,LTR - SOUTH,EXH0386,CENTRAL
100005338640,LTR - SOUTH,EXH0393,CENTRAL
100008515569,LTR - NORTH,EXH0383,CENTRAL
100003242851,LTR - NORTH,EXH0383,CENTRAL
100007121039,NTR - 1,EXH0565,NORTH
100009092139,LTR - SOUTH,EXH0386,CENTRAL
100007970704,MTR,EXH0603,CENTRAL
2102432703,FTR,EXH0507,CENTRAL
1544613832,RTR,EXH0656,NORTH
100007784833,RTR,EXH0629,NORTH
100000827607,GTR,EXH0482,CENTRAL
100006343620,NTR - 1,EXH0478,NORTH
100008062720,SLTR,EXH0517A,CENTRAL
100005046261,NTR - 2,EXH0424,NORTH
100007362110,NTR - 1,EXH0427,NORTH
100008351682,SLTR,EXH0445,CENTRAL
100008551912,MTR,EXH0899,CENTRAL
100008182897,STR,EXH0437,SOUTH
100008057366,STR,EXH0557,SOUTH
100008128101,QTR,EXH0419,SOUTH
100008806453,RTR,EXH0606,NORTH
100008499437,KTR - 3,EXH0021,SOUTH
100004443267,KTR - 1,EXH0012,SOUTH
100008403713,LTR - SOUTH,EXH0895,CENTRAL
100004190807,MTR,EXH0620,CENTRAL
100008525306,QTR,EXH0419,SOUTH
100008342772,GTR,EXH0526R,CENTRAL
100008457918,NTR - 2,EXH0624,NORTH
100008694595,CTR,EXH0533,CENTRAL
100008352747,ITR,EXH0819,NORTH
100007928715,RTR,EXH0617,NORTH
100008767763,NTR - 2,EXH0563,NORTH
100007565381,ITR,EXH0410,NORTH
100008355346,LTR - SOUTH,EXH0398,CENTRAL
100008659021,KTR - 2,EXH0602,SOUTH
100004711359,ITR,EXH0415,NORTH
100005252625,GTR,EXH0847,CENTRAL
100008218333,SLTR,EXH0445,CENTRAL
100004473618,STR,EXH0599A,SOUTH
100008603584,NTR - 1,EXH0567,NORTH
100008019623,RTR,EXH0486,NORTH
100008277143,NTR - 1,EXH0422,NORTH
100005616141,KTR - 2,EXH0018,SOUTH
100008438099,CTR,EXH0588,CENTRAL
100007869987,KTR - 1,EXH0008,SOUTH
100008698820,NTR - 1,EXH0422,NORTH
100008458442,KTR - 2,EXH0035,SOUTH
100008018385,STR,EXH0431A,SOUTH
100008230229,MTR,EXH0454,CENTRAL
100004555232,KTR - 2,EXH0018,SOUTH
100008443689,KTR - 3,EXH0021,SOUTH
100007382200,HTR,EXH0469,NORTH
100008916836,LTR - NORTH,EXH0401,CENTRAL
100008405522,KTR - 2,EXH0016,SOUTH
100008530804,FTR,EXH0465,CENTRAL
100008175857,LTR - SOUTH,EXH0390,CENTRAL
100004687122,HYTR,EXH0828,SOUTH
100005518423,HYTR,EXH0828,SOUTH
2105262599,KTR - 1,EXH0002,SOUTH
100008922127,ITR,EXH0628,NORTH
100003092160,HTR,EXH0562,NORTH
100007855247,LTR - SOUTH,EXH0387,CENTRAL
100008609671,FTR,EXH0462,CENTRAL
100008367069,LTR - NORTH,EXH0371,CENTRAL
100005588111,FTR,EXH0508,CENTRAL
100008689991,KTR - 3,EXH0024,SOUTH
100008428376,ITR,EXH0855,NORTH
100008694234,SLTR,EXH0501,CENTRAL
1556602908,GTR,EXH0488,CENTRAL
L2103665624,RTR,EXH0656,NORTH
100006087341,FTR,EXH0461,CENTRAL
100005064935,FTR,EXH0892,CENTRAL
100008567835,SLTR,EXH0445,CENTRAL
100004749565,KTR - 1,EXH0005,SOUTH
100008149671,ITR,EXH0628,NORTH
100003259499,LTR - SOUTH,EXH0397,CENTRAL
100006545728,CTR,EXH0448,CENTRAL
100008260287,HYTR,EXH0553,SOUTH
100000633230,ITR,EXH0417,NORTH
100008468917,NTR - 1,EXH0869,NORTH
100008611771,LTR - SOUTH,EXH0394,CENTRAL
100000336344,KTR - 1,EXH0008,SOUTH
100004387694,GTR,EXH0482,CENTRAL
100007697039,MTR,EXH0544,CENTRAL
100007860780,MTR,EXH0603,CENTRAL
100008454876,GTR,EXH0482,CENTRAL
100001654788,NTR - 1,EXH0565,NORTH
100008274872,SLTR,EXH0444,CENTRAL
100007767291,HYTR,EXH0827,SOUTH
100008461066,CTR,EXH0585,CENTRAL
100008685058,KTR - 3,EXH0017,SOUTH
100008445364,STR,EXH0560,SOUTH
100005697357,SLTR,EXH0888,CENTRAL
100001807759,NTR - 1,EXH0566,NORTH
100005184525,HYTR,EXH0475,SOUTH
100005746120,LTR - NORTH,EXH0377,CENTRAL
100008922873,STR,EXH0435,SOUTH
100006237173,STR,EXH0431B,SOUTH
100008585635,QTR,EXH0420,SOUTH
100008478685,KTR - 1,EXH0001,SOUTH
100006483994,MTR,EXH0541,CENTRAL
1427657374,LTR - NORTH,EXH0383,CENTRAL
100008309854,LTR - SOUTH,EXH0386,CENTRAL
100008055886,RTR,EXH0656,NORTH
100008171918,NTR - 2,EXH0563,NORTH
100008254128,LTR - NORTH,EXH0384,CENTRAL
100006299612,CTR,EXH0591,CENTRAL
100008625370,SLTR,EXH0517B,CENTRAL
100008704120,LTR - SOUTH,EXH0388,CENTRAL
100004271162,ITR,EXH0628,NORTH
100007698194,LTR - NORTH,EXH0402,CENTRAL
100008480652,LTR - NORTH,EXH0377,CENTRAL
1216318877,KTR - 3,EXH0023,SOUTH
100007766098,CTR,EXH0448,CENTRAL
100008673513,KTR - 1,EXH0006,SOUTH
100006580390,GTR,EXH0442,CENTRAL
100007769628,SLTR,EXH0890,CENTRAL
100007301330,CTR,EXH0429,CENTRAL
100007979791,KTR - 3,EXH0024,SOUTH
100008884932,KTR - 1,EXH0007,SOUTH
100007395862,HYTR,EXH0636,SOUTH
100004673397,SLTR,EXH0445,CENTRAL
100005533741,KTR - 2,EXH0018,SOUTH
100008515721,FTR,EXH0536,CENTRAL
100005077512,HYTR,EXH0477,SOUTH
2100059668,ITR,EXH0414,NORTH
100008750121,FTR,EXH0456,CENTRAL
100006458084,NTR - 1,EXH0570,NORTH
100008452118,ITR,EXH0819,NORTH
1427234177,LTR - NORTH,EXH0377,CENTRAL
100005030366,FTR,EXH0459,CENTRAL
100007989586,ITR,EXH0415,NORTH
1812854488,QTR,EXH0812,SOUTH
100008669504,SLTR,EXH0443,CENTRAL
100008502673,CTR,EXH0596,CENTRAL
100008494757,FTR,EXH0458,CENTRAL
100006975804,ITR,EXH0410,NORTH
100003436868,RTR,EXH0655,NORTH
100008531841,HTR,EXH0607,NORTH
100008678284,SLTR,EXH0517C,CENTRAL
100004608802,GTR,EXH0516,CENTRAL
L2102339074,CTR,EXH0429,CENTRAL
100006148196,KTR - 3,EXH0032,SOUTH
100008456141,KTR - 2,EXH0602,SOUTH
100003096454,NTR - 1,EXH0625,NORTH
100006308267,FTR,EXH0458,CENTRAL
100007313659,STR,EXH0431B,SOUTH
100007922263,KTR - 3,EXH0021,SOUTH
100008582226,HYTR,EXH0472,SOUTH
100008552853,GTR,EXH0846,CENTRAL
100002884263,HYTR,EXH0473,SOUTH
100005862411,KTR - 3,EXH0010,SOUTH
100008417041,HTR,EXH0562,NORTH
100007487862,FTR,EXH0459,CENTRAL
100003601834,NTR - 1,EXH0625,NORTH
100008623646,MTR,EXH0545,CENTRAL
100008716325,STR,EXH0662,SOUTH
100008410813,KTR - 3,EXH0017,SOUTH
100003483615,GTR,EXH0526W,CENTRAL
100008788563,QTR,EXH0419,SOUTH
100008764875,KTR - 2,EXH0020,SOUTH
100005795659,LTR - SOUTH,EXH0895,CENTRAL
100007721391,SLTR,EXH0517B,CENTRAL
100008478119,QTR,EXH0520,SOUTH
100008572032,KTR - 2,EXH0016,SOUTH
100008168281,LTR - SOUTH,EXH0397,CENTRAL
100004839476,LTR - NORTH,EXH0383,CENTRAL
100008196968,RTR,EXH0486,NORTH
100008404488,LTR - NORTH,EXH0402,CENTRAL
100008158986,ITR,EXH0417,NORTH
1992890039,HTR,EXH0468,NORTH
100004730120,MTR,EXH0873,CENTRAL
2107159398,ITR,EXH0658,NORTH
100005561499,NTR - 1,EXH0479,NORTH
100006379735,HTR,EXH0564,NORTH
100005339781,HYTR,EXH0472,SOUTH
100006776044,FTR,EXH0508,CENTRAL
100003484640,HYTR,EXH0843,SOUTH
100008526020,HYTR,EXH0554,SOUTH
100008729749,HTR,EXH0564,NORTH
100008686064,ITR,EXH0417,NORTH
100008790204,SLTR,EXH0517B,CENTRAL
100006252426,GTR,EXH0441,CENTRAL
100008804970,CTR,EXH0534,CENTRAL
100008232609,NTR - 2,EXH0569,NORTH
100005746622,MTR,EXH0452,CENTRAL
100007799347,NTR - 1,EXH0427,NORTH
100007917140,FTR,EXH0464,CENTRAL
1556815957,GTR,EXH0526K,CENTRAL
100007875815,MTR,EXH0541,CENTRAL
100002253544,LTR - NORTH,EXH0371,CENTRAL
100002980410,HYTR,EXH0636,SOUTH
100008635495,LTR - NORTH,EXH0383,CENTRAL
100007932480,MTR,EXH0455,CENTRAL
100007878183,KTR - 1,EXH0029,SOUTH
100005283586,NTR - 1,EXH0478,NORTH
1523259844,SLTR,EXH0447,CENTRAL
100008136613,SLTR,EXH0443,CENTRAL
100007078989,KTR - 2,EXH0602,SOUTH
100007949811,FTR,EXH0535,CENTRAL
100008691949,CTR,EXH0589,CENTRAL
100006713361,NTR - 2,EXH0424,NORTH
100005972927,CTR,EXH0593,CENTRAL
100002610758,QTR,EXH0584,SOUTH
100004092435,QTR,EXH0420,SOUTH
100007120680,HTR,EXH0884,NORTH
100003674448,RTR,EXH0911,NORTH
100008554632,RTR,EXH0486,NORTH
100008531056,LTR - SOUTH,EXH0386,CENTRAL
100008816094,LTR - SOUTH,EXH0387,CENTRAL
2107176829,KTR - 2,EXH0016,SOUTH
100004354881,RTR,EXH0655,NORTH
100008535692,RTR,EXH0656,NORTH
100008719406,LTR - NORTH,EXH0374,CENTRAL
1556601297,GTR,EXH0526W,CENTRAL
100006928623,SLTR,EXH0517B,CENTRAL
1992380774,HTR,EXH0469,NORTH
100000624862,GTR,EXH0516,CENTRAL
100008546739,KTR - 2,EXH0015,SOUTH
100008184460,SLTR,EXH0443,CENTRAL
100007263494,LTR - SOUTH,EXH0386,CENTRAL
100003435018,HYTR,EXH0554,SOUTH
100001985430,GTR,EXH0488,CENTRAL
100007788491,ITR,EXH0418,NORTH
100008709955,RTR,EXH0568,NORTH
100008007086,HYTR,EXH0477,SOUTH
100008557659,CTR,EXH0430,CENTRAL
100008411788,ITR,EXH0627,NORTH
100008477393,STR,EXH0560,SOUTH
100003397094,ITR,EXH0849,NORTH
100008187370,NTR - 2,EXH0624,NORTH
100007925426,NTR - 1,EXH0479,NORTH
100008743130,ITR,EXH0410,NORTH
100008596871,SLTR,EXH0890,CENTRAL
100007613465,HTR,EXH0564,NORTH
100003958778,NTR - 1,EXH0566,NORTH
L1916610807,NTR - 1,EXH0479,NORTH
100002321659,ITR,EXH0413,NORTH
1212231173,KTR - 2,EXH0011,SOUTH
2106125456,KTR - 2,EXH0020,SOUTH
100004941008,SLTR,EXH0447,CENTRAL
100006846808,CTR,EXH0448,CENTRAL
2102526467,HTR,EXH0562,NORTH
100008653510,LTR - NORTH,EXH0377,CENTRAL
100008418107,ITR,EXH0866,NORTH
100008626699,LTR - NORTH,EXH0371,CENTRAL
100008526141,RTR,EXH0518,NORTH
100008681481,LTR - NORTH,EXH0376,CENTRAL
2103184354,MTR,EXH0873,CENTRAL
100006507222,HTR,EXH0562,NORTH
100004804033,RTR,EXH0656,NORTH
100008510007,MTR,EXH0873,CENTRAL
100008577426,HYTR,EXH0839,SOUTH
100008820125,NTR - 1,EXH0565,NORTH
100008572594,QTR,EXH0419,SOUTH
100007217753,LTR - NORTH,EXH0372,CENTRAL
100006052103,LTR - SOUTH,EXH0385,CENTRAL
100008378270,LTR - NORTH,EXH0383,CENTRAL
100007924321,QTR,EXH0421,SOUTH
100007366576,FTR,EXH0508,CENTRAL
1515473203,ITR,EXH0413,NORTH
1214815326,KTR - 3,EXH0017,SOUTH
100008606990,LTR - NORTH,EXH0402,CENTRAL
100005239724,KTR - 3,EXH0021,SOUTH
100006494387,KTR - 3,EXH0033,SOUTH
100008561596,KTR - 1,EXH0002,SOUTH
100005648566,MTR,EXH0587,CENTRAL
100008663159,CTR,EXH0529,CENTRAL
100006830960,ITR,EXH0415,NORTH
100006520852,MTR,EXH0453,CENTRAL
100007379033,FTR,EXH0510,CENTRAL
100008568176,LTR - NORTH,EXH0377,CENTRAL
100008668521,NTR - 1,EXH0567,NORTH
1235844180,HYTR,EXH0826,SOUTH
100008715153,LTR - NORTH,EXH0374,CENTRAL
1514673029,RTR,EXH0606,NORTH
100008405004,SLTR,EXH0515,CENTRAL
1512252012,ITR,EXH0411,NORTH
1426306568,LTR - SOUTH,EXH0387,CENTRAL
100008775171,LTR - NORTH,EXH0371,CENTRAL
100008246583,KTR - 2,EXH0015,SOUTH
100007414491,STR,EXH0434,SOUTH
100008190207,NTR - 2,EXH0624,NORTH
100007619116,LTR - SOUTH,EXH0403,CENTRAL
100007363449,MTR,EXH0455,CENTRAL
100006600763,MTR,EXH0494,CENTRAL
2106212141,LTR - NORTH,EXH0383,CENTRAL
100005184642,HYTR,EXH0552,SOUTH
100007263229,ITR,EXH0418,NORTH
2106762509,GTR,EXH0526K,CENTRAL
100003633600,LTR - SOUTH,EXH0397,CENTRAL
100008430807,KTR - 1,EXH0003,SOUTH
100007832366,KTR - 1,EXH0002,SOUTH
100001404968,QTR,EXH0419,SOUTH
100008183662,SLTR,EXH0517A,CENTRAL
100005973612,LTR - SOUTH,EXH0471,CENTRAL
100002959990,CTR,EXH0532,CENTRAL
1214918737,KTR - 2,EXH0015,SOUTH
100008687395,LTR - NORTH,EXH0371,CENTRAL
100007422956,MTR,EXH0451,CENTRAL
100008315667,ITR,EXH0417,NORTH
100007407077,LTR - SOUTH,EXH0404,CENTRAL
100006907143,CTR,EXH0534,CENTRAL
100008457171,KTR - 2,EXH0036,SOUTH
100008472758,KTR - 3,EXH0023,SOUTH
100000850790,LTR - SOUTH,EXH0398,CENTRAL
100002493257,STR,EXH0431B,SOUTH
100007878741,MTR,EXH0587,CENTRAL
100008637051,KTR - 1,EXH0001,SOUTH
100001790819,KTR - 1,EXH0003,SOUTH
100008503288,LTR - SOUTH,EXH0397,CENTRAL
100007049789,LTR - NORTH,EXH0384,CENTRAL
1912551288,NTR - 1,EXH0426,NORTH
100007300528,LTR - SOUTH,EXH0390,CENTRAL
100008052694,ITR,EXH0633,NORTH
100008785620,RTR,EXH0656,NORTH
100007275173,MTR,EXH0505,CENTRAL
100002173336,SLTR,EXH0517C,CENTRAL
100008647736,CTR,EXH0528,CENTRAL
100008832034,MTR,EXH0453,CENTRAL
100007799751,KTR - 3,EXH0023,SOUTH
2103452292,HTR,EXH0607,NORTH
100008025116,FTR,EXH0510,CENTRAL
100008148378,KTR - 3,EXH0030,SOUTH
100008291199,QTR,EXH0420,SOUTH
100008654552,MTR,EXH0452,CENTRAL
100008712107,SLTR,EXH0517C,CENTRAL
100008660120,NTR - 1,EXH0427,NORTH
100008668306,LTR - SOUTH,EXH0395,CENTRAL
100005856080,ITR,EXH0415,NORTH
100007872057,KTR - 2,EXH0602,SOUTH
100005278221,SLTR,EXH0447,CENTRAL
100008720241,SLTR,EXH0489,CENTRAL
100006903715,LTR - SOUTH,EXH0386,CENTRAL
100004008804,FTR,EXH0456,CENTRAL
100008384829,RTR,EXH0518,NORTH
100008605150,NTR - 1,EXH0478,NORTH
100008692672,LTR - NORTH,EXH0371,CENTRAL
100008530269,KTR - 2,EXH0020,SOUTH
100008023990,HYTR,EXH0828,SOUTH
100008940181,SLTR,EXH0447,CENTRAL
100006150051,MTR,EXH0898,CENTRAL
100007600511,FTR,EXH0506,CENTRAL
100007690673,QTR,EXH0524,SOUTH
100008202949,KTR - 3,EXH0010,SOUTH
2100221976,HTR,EXH0777,NORTH
100004115805,KTR - 2,EXH0020,SOUTH
100008629055,ITR,EXH0413,NORTH
1223640293,HYTR,EXH0472,SOUTH
100008632353,LTR - NORTH,EXH0405,CENTRAL
100008692498,HYTR,EXH0477,SOUTH
100008523994,HTR,EXH0562,NORTH
100008821498,LTR - SOUTH,EXH0394,CENTRAL
100007592988,QTR,EXH0419,SOUTH
1554224181,GTR,EXH0442,CENTRAL
1553866379,GTR,EXH0488,CENTRAL
100008500518,KTR - 3,EXH0021,SOUTH
1427573423,LTR - SOUTH,EXH0395,CENTRAL
100008091678,CTR,EXH0448,CENTRAL
100008699381,LTR - NORTH,EXH0374,CENTRAL
100007370266,QTR,EXH0420,SOUTH
2105880279,GTR,EXH0526R,CENTRAL
1515470065,ITR,EXH0413,NORTH
100008271686,LTR - SOUTH,EXH0393,CENTRAL
100008497088,KTR - 1,EXH0005,SOUTH
2107122880,KTR - 3,EXH0021,SOUTH
100007118198,QTR,EXH0421,SOUTH
100004084620,ITR,EXH0415,NORTH
100003504374,SLTR,EXH0447,CENTRAL
L2106330434,FTR,EXH0535,CENTRAL
100008625705,MTR,EXH0620,CENTRAL
100008596261,GTR,EXH0480,CENTRAL
100008647323,QTR,EXH0419,SOUTH
100008517411,LTR - SOUTH,EXH0398,CENTRAL
100008618953,NTR - 1,EXH0565,NORTH
2104445624,FTR,EXH0510,CENTRAL
100006423919,FTR,EXH0507,CENTRAL
100008103136,KTR - 3,EXH0032,SOUTH
100008053632,ITR,EXH0819,NORTH
2101879886,KTR - 1,EXH0002,SOUTH
100007675096,NTR - 2,EXH0496A,NORTH
100008335697,MTR,EXH0453,CENTRAL
100004858449,LTR - SOUTH,EXH0895,CENTRAL
100008663810,KTR - 1,EXH0003,SOUTH
100008280734,ITR,EXH0410,NORTH
100008465824,CTR,EXH0679,CENTRAL
100008784079,MTR,EXH0494,CENTRAL
100008337323,CTR,EXH0448,CENTRAL
100008461674,QTR,EXH0419,SOUTH
100005643563,FTR,EXH0508,CENTRAL
100006646155,CTR,EXH0586,CENTRAL
1216363762,KTR - 3,EXH0023,SOUTH
100003243920,QTR,EXH0610,SOUTH
100007488533,LTR - SOUTH,EXH0901,CENTRAL
100003954235,GTR,EXH0480,CENTRAL
1425431740,LTR - SOUTH,EXH0394,CENTRAL
100007822832,FTR,EXH0536,CENTRAL
1214802671,KTR - 3,EXH0017,SOUTH
100008395585,FTR,EXH0892,CENTRAL
100006356077,GTR,EXH0526W,CENTRAL
100008675704,FTR,EXH0457,CENTRAL
100005257442,KTR - 1,EXH0038,SOUTH
1912218705,NTR - 1,EXH0426,NORTH
100008795680,STR,EXH0598,SOUTH
100006775100,LTR - NORTH,EXH0371,CENTRAL
100006308650,LTR - SOUTH,EXH0386,CENTRAL
100008590692,FTR,EXH0508,CENTRAL
100005042283,FTR,EXH0458,CENTRAL
100004154943,SLTR,EXH0517A,CENTRAL
100008943312,LTR - SOUTH,EXH0403,CENTRAL
100005768078,NTR - 1,EXH0425,NORTH
L2106811077,FTR,EXH0509,CENTRAL
100006240211,KTR - 1,EXH0003,SOUTH
100004853814,NTR - 1,EXH0641,NORTH
100005434695,HYTR,EXH0475,SOUTH
100008518512,FTR,EXH0892,CENTRAL
100005746874,NTR - 1,EXH0640,NORTH
100008372327,FTR,EXH0510,CENTRAL
2106239352,CTR,EXH0428,CENTRAL
100008481651,LTR - NORTH,EXH0377,CENTRAL
100005780062,LTR - SOUTH,EXH0397,CENTRAL
100008344235,ITR,EXH0632,NORTH
1214400380,KTR - 2,EXH0020,SOUTH
100008657889,SLTR,EXH0443,CENTRAL
100007439097,QTR,EXH0915,SOUTH
100007759530,RTR,EXH0613,NORTH
100008386785,LTR - SOUTH,EXH0370,CENTRAL
1233874646,HYTR,EXH0477,SOUTH
100008500162,ITR,EXH0858,NORTH
100008438841,LTR - NORTH,EXH0405,CENTRAL
100008756345,CTR,EXH0533,CENTRAL
1425762250,LTR - SOUTH,EXH0471,CENTRAL
100005707016,SLTR,EXH0447,CENTRAL
100008204761,RTR,EXH0909,NORTH
100004272151,KTR - 3,EXH0030,SOUTH
100008726273,GTR,EXH0481,CENTRAL
100008141551,SLTR,EXH0517A,CENTRAL
100008789451,RTR,EXH0657,NORTH
100004802497,SLTR,EXH0878,CENTRAL
1915853464,NTR - 2,EXH0423,NORTH
100007908013,SLTR,EXH0517B,CENTRAL
100008530563,LTR - NORTH,EXH0405,CENTRAL
2104033030,ITR,EXH0411,NORTH
100008062846,STR,EXH0560,SOUTH
100007599160,ITR,EXH0628,NORTH
100006882038,NTR - 1,EXH0479,NORTH
100008540085,HYTR,EXH0473,SOUTH
100002700893,KTR - 2,EXH0020,SOUTH
100007917667,GTR,EXH0526R,CENTRAL
100008788116,SLTR,EXH0445,CENTRAL
100008497672,SLTR,EXH0443,CENTRAL
100008646756,SLTR,EXH0446,CENTRAL
100008216705,MTR,EXH0439,CENTRAL
100009014467,FTR,EXH0459,CENTRAL
100008561339,STR,EXH0558,SOUTH
100006979308,LTR - SOUTH,EXH0386,CENTRAL
100006477846,ITR,EXH0628,NORTH
1946755445,NTR - 1,EXH0566,NORTH
100008108126,HYTR,EXH0636,SOUTH
100008613199,MTR,EXH0453,CENTRAL
100000961431,FTR,EXH0460,CENTRAL
100008084044,LTR - SOUTH,EXH0895,CENTRAL
L2107045129,CTR,EXH0530,CENTRAL
100007839484,KTR - 1,EXH0008,SOUTH
100007901430,QTR,EXH0812,SOUTH
100002750433,HTR,EXH0884,NORTH
100003906907,LTR - NORTH,EXH0402,CENTRAL
100007996919,KTR - 2,EXH0018,SOUTH
100008478750,STR,EXH0434,SOUTH
100004622190,HYTR,EXH0549,SOUTH
100008578120,SLTR,EXH0876,CENTRAL
1214589796,KTR - 2,EXH0019,SOUTH
100007785133,FTR,EXH0508,CENTRAL
100003898702,ITR,EXH0410,NORTH
100008155093,NTR - 1,EXH0648,NORTH
100004396772,KTR - 2,EXH0019,SOUTH
100008520763,NTR - 1,EXH0422,NORTH
100007741057,KTR - 3,EXH0502,SOUTH
100002079418,STR,EXH0432,SOUTH
100008658109,RTR,EXH0631,NORTH
100007815865,KTR - 3,EXH0017,SOUTH
100007502048,ITR,EXH0414,NORTH
100001046004,ITR,EXH0416,NORTH
100008584343,SLTR,EXH0877,CENTRAL
100007711618,RTR,EXH0629,NORTH
100003175896,HTR,EXH0607,NORTH
100008371510,ITR,EXH0414,NORTH
100008682341,KTR - 1,EXH0004,SOUTH
100008345463,RTR,EXH0486,NORTH
100004090334,NTR - 2,EXH0467,NORTH
100008444335,FTR,EXH0536,CENTRAL
100005063890,STR,EXH0598A,SOUTH
100007536431,SLTR,EXH0517A,CENTRAL
100008464659,KTR - 2,EXH0018,SOUTH
100000380361,NTR - 2,EXH0623,NORTH
100000801531,CTR,EXH0596,CENTRAL
2106310198,QTR,EXH0420,SOUTH
100006686953,GTR,EXH0481,CENTRAL
100001077579,MTR,EXH0603,CENTRAL
100008492739,ITR,EXH0418,NORTH
100006733902,ITR,EXH0635,NORTH
100008439167,QTR,EXH0522,SOUTH
100005073372,QTR,EXH0421,SOUTH
100006162380,CTR,EXH0430,CENTRAL
100008050500,MTR,EXH0439,CENTRAL
100007051993,NTR - 2,EXH0563,NORTH
100005687437,FTR,EXH0461,CENTRAL
2101418641,STR,EXH0556A,SOUTH
100008125116,ITR,EXH0413,NORTH
1673353970,MTR,EXH0897,CENTRAL
100008597814,MTR,EXH0545,CENTRAL
100008607754,FTR,EXH0509,CENTRAL
100008401112,ITR,EXH0858,NORTH
100000549381,MTR,EXH0546,CENTRAL
100004488229,MTR,EXH0503,CENTRAL
100008246354,LTR - SOUTH,EXH0393,CENTRAL
100002348853,LTR - SOUTH,EXH0389,CENTRAL
100004088672,HTR,EXH0468,NORTH
100008281076,KTR - 1,EXH0006,SOUTH
100004141138,SLTR,EXH0890,CENTRAL
100007299186,MTR,EXH0873,CENTRAL
100008485501,LTR - NORTH,EXH0383,CENTRAL
100005895072,HYTR,EXH0473,SOUTH
100007875970,NTR - 1,EXH0572,NORTH
100008966565,NTR - 1,EXH0425,NORTH
100006858738,NTR - 2,EXH0608,NORTH
100002270456,KTR - 1,EXH0001,SOUTH
100004427423,KTR - 3,EXH0023,SOUTH
100006657351,HYTR,EXH0472,SOUTH
100008101799,HYTR,EXH0474,SOUTH
100007011640,MTR,EXH0543,CENTRAL
100006166507,LTR - SOUTH,EXH0403,CENTRAL
100008270917,ITR,EXH0410,NORTH
100005361730,MTR,EXH0899,CENTRAL
100006379006,QTR,EXH0419,SOUTH
100008698122,LTR - SOUTH,EXH0387,CENTRAL
100008540322,NTR - 1,EXH0425,NORTH
100007052853,KTR - 1,EXH0028,SOUTH
100002402884,LTR - NORTH,EXH0372,CENTRAL
100002427849,STR,EXH0557,SOUTH
100008679687,LTR - NORTH,EXH0372,CENTRAL
100008330749,ITR,EXH0415,NORTH
100007182623,NTR - 2,EXH0423,NORTH
100008711253,KTR - 1,EXH0001,SOUTH
1995643038,HTR,EXH0884,NORTH
100002720737,NTR - 1,EXH0478,NORTH
100007341175,ITR,EXH0416,NORTH
100006114219,LTR - SOUTH,EXH0393,CENTRAL
100008831482,CTR,EXH0596,CENTRAL
100008355048,ITR,EXH0418,NORTH
100002470500,HYTR,EXH0477,SOUTH
100008644599,ITR,EXH0410,NORTH
100008682844,NTR - 2,EXH0563,NORTH
100005196669,LTR - NORTH,EXH0374,CENTRAL
100005411062,NTR - 1,EXH0478,NORTH
100008349751,LTR - NORTH,EXH0374,CENTRAL
100008340931,LTR - SOUTH,EXH0398,CENTRAL
100008466695,NTR - 1,EXH0625,NORTH
1533523195,SLTR,EXH0443,CENTRAL
100007428319,FTR,EXH0507,CENTRAL
100006748212,NTR - 2,EXH0831,NORTH
100008431157,FTR,EXH0508,CENTRAL
100006894928,LTR - SOUTH,EXH0396,CENTRAL
100005938133,MTR,EXH0454,CENTRAL
L2107126206,CTR,EXH0429,CENTRAL
100008801265,SLTR,EXH0443,CENTRAL
100007797034,SLTR,EXH0875,CENTRAL
100006908983,MTR,EXH0587,CENTRAL
100008609628,FTR,EXH0458,CENTRAL
100008784100,FTR,EXH0506,CENTRAL
100008614283,NTR - 1,EXH0479,NORTH
1215838442,KTR - 1,EXH0001,SOUTH
100007752146,LTR - NORTH,EXH0382,CENTRAL
100006900139,RTR,EXH0825,NORTH
100007505901,KTR - 1,EXH0003,SOUTH
100008798278,HTR,EXH0468,NORTH
100004265684,SLTR,EXH0446,CENTRAL
2107043585,MTR,EXH0542,CENTRAL
100008712842,KTR - 1,EXH0009,SOUTH
100003141013,RTR,EXH0606,NORTH
100005352423,HYTR,EXH0826,SOUTH
100008520476,QTR,EXH0601,SOUTH
2106590776,KTR - 2,EXH0019,SOUTH
100008608634,SLTR,EXH0888,CENTRAL
100007874132,ITR,EXH0866,NORTH
100006770029,HTR,EXH0469,NORTH
100004321250,LTR - SOUTH,EXH0388,CENTRAL
100008806635,MTR,EXH0545,CENTRAL
100008212529,SLTR,EXH0878,CENTRAL
100008393804,FTR,EXH0506,CENTRAL
100008497007,QTR,EXH0419,SOUTH
100006515881,ITR,EXH0415,NORTH
100007248722,CTR,EXH0595,CENTRAL
100008601223,SLTR,EXH0447,CENTRAL
100008710897,SLTR,EXH0501,CENTRAL
100007903683,QTR,EXH0419,SOUTH
100007598234,ITR,EXH0415,NORTH
100008015061,LTR - SOUTH,EXH0398,CENTRAL
100008439157,SLTR,EXH0515,CENTRAL
1553831500,GTR,EXH0488,CENTRAL
100007373578,KTR - 2,EXH0018,SOUTH
100005674396,QTR,EXH0584,SOUTH
100003546383,FTR,EXH0460,CENTRAL
100008543241,KTR - 2,EXH0018,SOUTH
100008260025,SLTR,EXH0443,CENTRAL
100008598082,SLTR,EXH0445,CENTRAL
100008703465,SLTR,EXH0501,CENTRAL
100008642201,KTR - 1,EXH0038,SOUTH
100008242176,FTR,EXH0510,CENTRAL
100008573101,KTR - 1,EXH0008,SOUTH
100003081433,CTR,EXH0532,CENTRAL
100004900060,LTR - SOUTH,EXH0398,CENTRAL
100008768447,LTR - NORTH,EXH0402,CENTRAL
100008241213,LTR - NORTH,EXH0384,CENTRAL
100008401451,KTR - 2,EXH0020,SOUTH
L1514534695,RTR,EXH0896,NORTH
100008617724,GTR,EXH0845,CENTRAL
100004079981,HYTR,EXH0636,SOUTH
100008574148,FTR,EXH0536,CENTRAL
100008563395,FTR,EXH0460,CENTRAL
100007062043,KTR - 2,EXH0018,SOUTH
100005888324,NTR - 1,EXH0566,NORTH
1946727837,NTR - 1,EXH0566,NORTH
100008543461,MTR,EXH0454,CENTRAL
100008719756,MTR,EXH0899,CENTRAL
100000870804,SLTR,EXH0891,CENTRAL
100007010313,NTR - 1,EXH0422,NORTH
100008703677,LTR - NORTH,EXH0384,CENTRAL
2103329167,MTR,EXH0899,CENTRAL
100008589227,KTR - 2,EXH0019,SOUTH
100005977261,HYTR,EXH0474,SOUTH
100008009967,KTR - 2,EXH0019,SOUTH
100008777296,NTR - 2,EXH0467,NORTH
100008543301,LTR - SOUTH,EXH0395,CENTRAL
1212634818,KTR - 1,EXH0007,SOUTH
100006959051,STR,EXH0431B,SOUTH
100002794297,FTR,EXH0459,CENTRAL
100003996238,CTR,EXH0529,CENTRAL
100008641478,QTR,EXH0816,SOUTH
100006573612,FTR,EXH0509,CENTRAL
100008488610,STR,EXH0560C,SOUTH
100008086777,ITR,EXH0413,NORTH
100008422672,NTR - 1,EXH0652,NORTH
100008126774,STR,EXH0432,SOUTH
100005855807,FTR,EXH0508,CENTRAL
100008302445,LTR - NORTH,EXH0384,CENTRAL
L2100340737,SLTR,EXH0447,CENTRAL
1685786593,MTR,EXH0542,CENTRAL
100006322895,MTR,EXH0542,CENTRAL
100008674061,LTR - SOUTH,EXH0389,CENTRAL
100008607144,LTR - SOUTH,EXH0404,CENTRAL
100007568013,FTR,EXH0504,CENTRAL
1928612876,NTR - 2,EXH0829,NORTH
100004372967,SLTR,EXH0517B,CENTRAL
100008410191,RTR,EXH0896,NORTH
100008182805,LTR - SOUTH,EXH0386,CENTRAL
100006585984,HTR,EXH0607,NORTH
100008359486,HYTR,EXH0476,SOUTH
100008332805,GTR,EXH0516,CENTRAL
1812664954,QTR,EXH0420,SOUTH
L1412639705,FTR,EXH0456,CENTRAL
100008525107,KTR - 1,EXH0001,SOUTH
100007360136,NTR - 2,EXH0424,NORTH
2106824196,ITR,EXH0855,NORTH
100004523757,LTR - NORTH,EXH0373,CENTRAL
100008521341,STR,EXH0560,SOUTH
100008106756,NTR - 1,EXH0565,NORTH
100008578523,LTR - SOUTH,EXH0388,CENTRAL
100006368576,LTR - SOUTH,EXH0388,CENTRAL
100008273334,GTR,EXH0846,CENTRAL
100005880460,RTR,EXH0657,NORTH
100007554282,FTR,EXH0464,CENTRAL
100004404390,LTR - NORTH,EXH0376,CENTRAL
100008555008,NTR - 1,EXH0478,NORTH
1412610356,FTR,EXH0456,CENTRAL
2101874668,HYTR,EXH0841,SOUTH
100008606834,CTR,EXH0449,CENTRAL
100004065189,STR,EXH0431B,SOUTH
100008328608,SLTR,EXH0517C,CENTRAL
100008627301,NTR - 2,EXH0423,NORTH
100008269170,ITR,EXH0415,NORTH
100008055911,HYTR,EXH0472,SOUTH
100008174880,GTR,EXH0481,CENTRAL
100008571367,ITR,EXH0858,NORTH
100007198387,LTR - NORTH,EXH0382,CENTRAL
100008002588,KTR - 3,EXH0033,SOUTH
100008538342,SLTR,EXH0517A,CENTRAL
2106439983,NTR - 1,EXH0425,NORTH
100007922669,HYTR,EXH0555,SOUTH
100008385192,HYTR,EXH0474,SOUTH
100008552969,NTR - 1,EXH0639,NORTH
100008680891,LTR - NORTH,EXH0402,CENTRAL
100004586592,ITR,EXH0415,NORTH
100008739049,GTR,EXH0526W,CENTRAL
100003301018,LTR - NORTH,EXH0382,CENTRAL
100003659563,GTR,EXH0441,CENTRAL
100008820833,LTR - NORTH,EXH0376,CENTRAL
100008279684,KTR - 1,EXH0001,SOUTH
100007480700,QTR,EXH0419,SOUTH
100004303986,GTR,EXH0440,CENTRAL
100007081075,ITR,EXH0411,NORTH
100006383421,ITR,EXH0851,NORTH
100007567495,NTR - 2,EXH0622,NORTH
100008245879,NTR - 1,EXH0570,NORTH
100008466137,RTR,EXH0629,NORTH
100008565728,SLTR,EXH0514,CENTRAL
100007101667,HTR,EXH0562,NORTH
100006207144,ITR,EXH0414,NORTH
100007818825,KTR - 2,EXH0011,SOUTH
2106950659,LTR - NORTH,EXH0377,CENTRAL
100008707311,LTR - SOUTH,EXH0387,CENTRAL
100007973282,QTR,EXH0420,SOUTH
100002486360,FTR,EXH0510,CENTRAL
100007632028,ITR,EXH0412,NORTH
100008451650,KTR - 3,EXH0021,SOUTH
100003803949,RTR,EXH0912,NORTH
100000413947,LTR - SOUTH,EXH0901,CENTRAL
100008422287,ITR,EXH0411,NORTH
1425805167,LTR - SOUTH,EXH0403,CENTRAL
100003002238,NTR - 1,EXH0567,NORTH
100007936879,LTR - SOUTH,EXH0397,CENTRAL
100000154580,NTR - 2,EXH0496,NORTH
100008725310,LTR - SOUTH,EXH0387,CENTRAL
100007390410,KTR - 1,EXH0003,SOUTH
100008635823,MTR,EXH0543,CENTRAL
100008414056,KTR - 1,EXH0012,SOUTH
100008509198,MTR,EXH0453,CENTRAL
100001782129,MTR,EXH0451,CENTRAL
100008457717,KTR - 2,EXH0016,SOUTH
100006510195,NTR - 1,EXH0478,NORTH
100008439147,NTR - 2,EXH0424,NORTH
100008472403,NTR - 1,EXH0425,NORTH
100005387059,SLTR,EXH0517B,CENTRAL
100008938099,ITR,EXH0410,NORTH
100008548980,LTR - SOUTH,EXH0395,CENTRAL
100007003433,GTR,EXH0483,CENTRAL
100008383426,MTR,EXH0451,CENTRAL
100006999550,NTR - 1,EXH0642,NORTH
100004233934,MTR,EXH0897,CENTRAL
100008371937,FTR,EXH0457,CENTRAL
100008728544,MTR,EXH0543,CENTRAL
1995617244,HTR,EXH0884,NORTH
100008843927,LTR - SOUTH,EXH0398,CENTRAL
100008713293,NTR - 1,EXH0426,NORTH
100008489447,FTR,EXH0456,CENTRAL
100005562808,FTR,EXH0464,CENTRAL
100006671398,ITR,EXH0819,NORTH
100007631166,MTR,EXH0873,CENTRAL
1992334487,HTR,EXH0468,NORTH
100004854802,STR,EXH0560A,SOUTH
2107265793,SLTR,EXH0517B,CENTRAL
100008951720,ITR,EXH0410,NORTH
100006945280,MTR,EXH0873,CENTRAL
100008723289,ITR,EXH0417,NORTH
100008140721,LTR - NORTH,EXH0374,CENTRAL
100008725854,GTR,EXH0516,CENTRAL
100008263454,KTR - 3,EXH0021,SOUTH
100008777926,LTR - NORTH,EXH0374,CENTRAL
100008566540,MTR,EXH0897,CENTRAL
100000813742,LTR - SOUTH,EXH0394,CENTRAL
100006133341,SLTR,EXH0517D,CENTRAL
100007284944,NTR - 1,EXH0572,NORTH
100008678331,KTR - 1,EXH0012,SOUTH
100002333756,LTR - SOUTH,EXH0389,CENTRAL
100008908395,ITR,EXH0410,NORTH
100008195017,LTR - NORTH,EXH0372,CENTRAL
100007446866,NTR - 1,EXH0565,NORTH
100008393548,HYTR,EXH0636,SOUTH
100008213109,SLTR,EXH0888,CENTRAL
100008703022,FTR,EXH0461,CENTRAL
100004468383,GTR,EXH0500,CENTRAL
100003417310,STR,EXH0604,SOUTH
100008848437,GTR,EXH0442,CENTRAL
100005151266,LTR - SOUTH,EXH0398,CENTRAL
100007749615,FTR,EXH0510,CENTRAL
100004827802,MTR,EXH0451,CENTRAL
100008458380,ITR,EXH0417,NORTH
100004614886,GTR,EXH0526Q,CENTRAL
100006556269,ITR,EXH0819,NORTH
100008510589,KTR - 1,EXH0012,SOUTH
100008040206,LTR - SOUTH,EXH0395,CENTRAL
100007734582,MTR,EXH0546,CENTRAL
100001171690,HTR,EXH0649,NORTH
100009014093,KTR - 1,EXH0002,SOUTH
100007735598,MTR,EXH0454,CENTRAL
2107156771,HYTR,EXH0553,SOUTH
2101622428,LTR - SOUTH,EXH0370,CENTRAL
100000928078,NTR - 2,EXH0467,NORTH
100008804916,LTR - NORTH,EXH0376,CENTRAL
L1543584108,RTR,EXH0654,NORTH
100005897285,LTR - NORTH,EXH0382,CENTRAL
100005467340,LTR - SOUTH,EXH0397,CENTRAL
100000918322,MTR,EXH0546,CENTRAL
100006218794,CTR,EXH0448,CENTRAL
100008343229,GTR,EXH0516,CENTRAL
100008779217,LTR - SOUTH,EXH0901,CENTRAL
100008630452,MTR,EXH0587,CENTRAL
100008508225,KTR - 2,EXH0020,SOUTH
100006636824,QTR,EXH0419,SOUTH
2105894701,KTR - 3,EXH0021,SOUTH
100007765025,FTR,EXH0536,CENTRAL
100008422327,KTR - 2,EXH0020,SOUTH
1533531901,SLTR,EXH0443,CENTRAL
100008462303,ITR,EXH0410,NORTH
100007921592,KTR - 3,EXH0021,SOUTH
100008655007,LTR - NORTH,EXH0374,CENTRAL
100006099593,NTR - 1,EXH0625,NORTH
100008163283,NTR - 1,EXH0572,NORTH
100006523174,CTR,EXH0530,CENTRAL
100007384685,KTR - 1,EXH0009,SOUTH
100004947703,ITR,EXH0410,NORTH
100008601333,GTR,EXH0526K,CENTRAL
100008582912,SLTR,EXH0501,CENTRAL
100008403245,NTR - 1,EXH0659,NORTH
100008677199,GTR,EXH0440,CENTRAL
100008494688,MTR,EXH0540,CENTRAL
100008013773,FTR,EXH0509,CENTRAL
100006688811,NTR - 1,EXH0565,NORTH
100007778108,KTR - 1,EXH0038,SOUTH
100008619619,QTR,EXH0573,SOUTH
100007858156,HTR,EXH0469,NORTH
100006953207,SLTR,EXH0517B,CENTRAL
100008290098,RTR,EXH0518,NORTH
100008673347,QTR,EXH0421,SOUTH
100009018851,KTR - 1,EXH0001,SOUTH
100008419232,LTR - NORTH,EXH0401,CENTRAL
100008318399,FTR,EXH0493,CENTRAL
2106230591,LTR - SOUTH,EXH0404,CENTRAL
100007759352,LTR - NORTH,EXH0402,CENTRAL
2107459815,LTR - NORTH,EXH0401,CENTRAL
100005155014,ITR,EXH0866,NORTH
100000762528,SLTR,EXH0445,CENTRAL
100008639098,GTR,EXH0846,CENTRAL
100006108935,KTR - 1,EXH0001,SOUTH
100008598033,CTR,EXH0533,CENTRAL
100008698204,HYTR,EXH0839,SOUTH
100007329423,ITR,EXH0412,NORTH
100004498276,NTR - 1,EXH0566,NORTH
100008775367,SLTR,EXH0443,CENTRAL
100008557653,LTR - NORTH,EXH0383,CENTRAL
100008615603,NTR - 2,EXH0624,NORTH
100004205914,KTR - 3,EXH0502,SOUTH
100003030415,QTR,EXH0421,SOUTH
1946792486,NTR - 1,EXH0625,NORTH
100006806969,NTR - 1,EXH0868,NORTH
100003297250,RTR,EXH0653,NORTH
100004622665,QTR,EXH0816,SOUTH
100008201091,LTR - NORTH,EXH0383,CENTRAL
100008052280,RTR,EXH0561,NORTH
100008402642,RTR,EXH0908,NORTH
100005381039,QTR,EXH0524,SOUTH
100008170887,KTR - 2,EXH0015,SOUTH
100007633943,NTR - 2,EXH0624,NORTH
100007530678,FTR,EXH0504,CENTRAL
100007979841,LTR - NORTH,EXH0382,CENTRAL
100005116521,MTR,EXH0873,CENTRAL
1214921732,KTR - 2,EXH0015,SOUTH
100008063465,STR,EXH0431A,SOUTH
100008713514,HYTR,EXH0838,SOUTH
100003569970,CTR,EXH0429,CENTRAL
100008435675,CTR,EXH0531,CENTRAL
1512851167,ITR,EXH0411,NORTH
100003097672,ITR,EXH0819,NORTH
100008607223,GTR,EXH0442,CENTRAL
100006478821,LTR - NORTH,EXH0374,CENTRAL
100007170835,NTR - 1,EXH0572,NORTH
100008796748,NTR - 1,EXH0572,NORTH
100007097873,LTR - SOUTH,EXH0395,CENTRAL
100008576855,RTR,EXH0629,NORTH
100007446848,NTR - 2,EXH0424,NORTH
100006159796,MTR,EXH0542,CENTRAL
100001821770,NTR - 1,EXH0572,NORTH
100008819598,SLTR,EXH0445,CENTRAL
100005491204,MTR,EXH0899,CENTRAL
100008513825,FTR,EXH0510,CENTRAL
2100607291,KTR - 2,EXH0016,SOUTH
100008831612,NTR - 1,EXH0565,NORTH
100006335974,LTR - SOUTH,EXH0397,CENTRAL
100007442930,FTR,EXH0507,CENTRAL
2103212124,ITR,EXH0415,NORTH
100008584666,SLTR,EXH0875,CENTRAL
100008558461,MTR,EXH0455,CENTRAL
100008360631,NTR - 1,EXH0566,NORTH
100008487056,KTR - 3,EXH0021,SOUTH
100008598102,GTR,EXH0526R,CENTRAL
100006816288,LTR - SOUTH,EXH0404,CENTRAL
100004334105,FTR,EXH0457,CENTRAL
100000843446,ITR,EXH0410,NORTH
2105967084,CTR,EXH0596,CENTRAL
100008795010,FTR,EXH0456,CENTRAL
100006988549,NTR - 2,EXH0571,NORTH
100008519437,KTR - 2,EXH0602,SOUTH
100007470746,SLTR,EXH0875,CENTRAL
100008227986,HYTR,EXH0828,SOUTH
100008719103,LTR - NORTH,EXH0376,CENTRAL
100008354568,FTR,EXH0465,CENTRAL
100008679148,LTR - NORTH,EXH0402,CENTRAL
100007368738,QTR,EXH0419,SOUTH
100003200987,ITR,EXH0855,NORTH
100008713807,LTR - NORTH,EXH0402,CENTRAL
100005104597,KTR - 1,EXH0012,SOUTH
100002551692,RTR,EXH0606,NORTH
100004758788,LTR - SOUTH,EXH0387,CENTRAL
100008228589,KTR - 3,EXH0023,SOUTH
100006081433,NTR - 1,EXH0565,NORTH
1572701878,RTR,EXH0518,NORTH
1673450289,MTR,EXH0898,CENTRAL
1214592423,KTR - 2,EXH0019,SOUTH
1554211844,GTR,EXH0442,CENTRAL
100006301860,NTR - 1,EXH0425,NORTH
100001129897,KTR - 2,EXH0015,SOUTH
L1412625525,FTR,EXH0456,CENTRAL
100008631226,KTR - 3,EXH0017,SOUTH
100007367210,NTR - 2,EXH0423,NORTH
100008649341,LTR - SOUTH,EXH0388,CENTRAL
2101313106,SLTR,EXH0489,CENTRAL
100008193272,FTR,EXH0510,CENTRAL
100008243569,CTR,EXH0449,CENTRAL
100000186057,ITR,EXH0850,NORTH
1215881274,KTR - 1,EXH0002,SOUTH
2106584509,NTR - 2,EXH0424,NORTH
1553865099,GTR,EXH0482,CENTRAL
100007500661,MTR,EXH0873,CENTRAL
100008487482,KTR - 2,EXH0020,SOUTH
100008257883,SLTR,EXH0445,CENTRAL
100008568181,FTR,EXH0508,CENTRAL
100008579893,NTR - 2,EXH0495,NORTH
100008495669,NTR - 1,EXH0565,NORTH
100008516904,STR,EXH0618,SOUTH
100004348333,MTR,EXH0899,CENTRAL
100006848555,QTR,EXH0419,SOUTH
100008429465,STR,EXH0432,SOUTH
100001910277,RTR,EXH0911,NORTH
100008523808,NTR - 1,EXH0425,NORTH
100008592952,ITR,EXH0858,NORTH
100004148909,FTR,EXH0457,CENTRAL
100006063103,ITR,EXH0858,NORTH
100007312210,STR,EXH0556,SOUTH
100002619536,HTR,EXH0562,NORTH
100007758402,STR,EXH0433,SOUTH
100008583580,KTR - 1,EXH0001,SOUTH
100007517505,SLTR,EXH0888,CENTRAL
100008466189,KTR - 2,EXH0018,SOUTH
100004770400,GTR,EXH0526K,CENTRAL
100008159977,STR,EXH0431B,SOUTH
100007706252,QTR,EXH0421,SOUTH
2101300229,CTR,EXH0596,CENTRAL
100006445756,KTR - 1,EXH0001,SOUTH
100007747867,NTR - 1,EXH0426,NORTH
100006249360,STR,EXH0557,SOUTH
100005116402,KTR - 2,EXH0018,SOUTH
100005390143,LTR - NORTH,EXH0376,CENTRAL
100006084433,CTR,EXH0530,CENTRAL
1553885571,GTR,EXH0488,CENTRAL
1685572263,MTR,EXH0537,CENTRAL
2101867447,NTR - 2,EXH0624,NORTH
100008169087,GTR,EXH0526K,CENTRAL
100006600679,CTR,EXH0593,CENTRAL
100004130230,MTR,EXH0542,CENTRAL
100008111697,LTR - SOUTH,EXH0393,CENTRAL
100008561189,MTR,EXH0603,CENTRAL
100008807501,LTR - SOUTH,EXH0389,CENTRAL
1812830886,QTR,EXH0419,SOUTH
100005225610,SLTR,EXH0447,CENTRAL
100002736719,HYTR,EXH0826,SOUTH
100008517282,HTR,EXH0562,NORTH
100004987666,KTR - 3,EXH0017,SOUTH
100008468323,FTR,EXH0507,CENTRAL
100005676742,NTR - 2,EXH0637,NORTH
100008649808,KTR - 2,EXH0015,SOUTH
100006059642,FTR,EXH0507,CENTRAL
100008035189,SLTR,EXH0501,CENTRAL
100008552297,SLTR,EXH0443,CENTRAL
100006601515,KTR - 3,EXH0030,SOUTH
100008528797,MTR,EXH0540,CENTRAL
100006057295,KTR - 3,EXH0024,SOUTH
100008692407,HYTR,EXH0554,SOUTH
100005778719,LTR - NORTH,EXH0384,CENTRAL
100006861104,LTR - SOUTH,EXH0398,CENTRAL
100005745617,KTR - 2,EXH0015,SOUTH
100007968034,MTR,EXH0899,CENTRAL
100008500266,ITR,EXH0410,NORTH
100008699474,SLTR,EXH0447,CENTRAL
100007336595,HYTR,EXH0473,SOUTH
100008536606,HYTR,EXH0839,SOUTH
100008824997,LTR - NORTH,EXH0379,CENTRAL
100008633955,SLTR,EXH0443,CENTRAL
100008563979,RTR,EXH0653,NORTH
100007897822,KTR - 3,EXH0030,SOUTH
2106776056,KTR - 1,EXH0009,SOUTH
100008617559,KTR - 1,EXH0008,SOUTH
100007668643,KTR - 1,EXH0003,SOUTH
100005490381,ITR,EXH0412,NORTH
100008591380,KTR - 3,EXH0502,SOUTH
100008016895,SLTR,EXH0444,CENTRAL
100006332746,LTR - NORTH,EXH0405,CENTRAL
100007347369,GTR,EXH0526R,CENTRAL
100008018580,LTR - SOUTH,EXH0398,CENTRAL
100008446262,SLTR,EXH0445,CENTRAL
100009022835,LTR - NORTH,EXH0382,CENTRAL
100008649405,GTR,EXH0516,CENTRAL
100007649063,GTR,EXH0481,CENTRAL
100008372151,CTR,EXH0529,CENTRAL
100008592321,GTR,EXH0845,CENTRAL
100003081638,SLTR,EXH0447,CENTRAL
100004506408,LTR - SOUTH,EXH0388,CENTRAL
100008157586,LTR - NORTH,EXH0378,CENTRAL
100007255644,KTR - 3,EXH0021,SOUTH
100008510655,NTR - 2,EXH0467,NORTH
100008725880,HYTR,EXH0660,SOUTH
100008707846,FTR,EXH0461,CENTRAL
100005527431,NTR - 2,EXH0563,NORTH
100008370358,CTR,EXH0533,CENTRAL
100008757858,HYTR,EXH0554,SOUTH
100009019144,MTR,EXH0541,CENTRAL
100007002446,FTR,EXH0506,CENTRAL
100004584574,LTR - NORTH,EXH0401,CENTRAL
2107228513,GTR,EXH0440,CENTRAL
100008774716,LTR - NORTH,EXH0371,CENTRAL
100006802286,LTR - SOUTH,EXH0403,CENTRAL
100008133324,MTR,EXH0537,CENTRAL
100008131355,MTR,EXH0439,CENTRAL
100008608705,LTR - NORTH,EXH0377,CENTRAL
1216652187,KTR - 3,EXH0022,SOUTH
100006954858,MTR,EXH0873,CENTRAL
100008528588,KTR - 2,EXH0018,SOUTH
2107406737,KTR - 2,EXH0015,SOUTH
100008385341,STR,EXH0560,SOUTH
100006584126,RTR,EXH0521,NORTH
100005898608,NTR - 1,EXH0479,NORTH
100008098074,RTR,EXH0617,NORTH
100007782852,NTR - 1,EXH0566,NORTH
100007713803,ITR,EXH0633,NORTH
100008023535,MTR,EXH0897,CENTRAL
1418862044,FTR,EXH0461,CENTRAL
100005815150,FTR,EXH0508,CENTRAL
100008385515,KTR - 3,EXH0024,SOUTH
100008996881,KTR - 3,EXH0021,SOUTH
100008003189,LTR - NORTH,EXH0382,CENTRAL
100004606418,LTR - NORTH,EXH0374,CENTRAL
100008804885,ITR,EXH0627,NORTH
100007828680,MTR,EXH0587,CENTRAL
100006934507,SLTR,EXH0890,CENTRAL
100008149477,FTR,EXH0456,CENTRAL
1946730333,NTR - 1,EXH0625,NORTH
100008824416,SLTR,EXH0492,CENTRAL
100008787649,CTR,EXH0586,CENTRAL
100008821574,KTR - 3,EXH0021,SOUTH
100008400527,ITR,EXH0866,NORTH
100008673182,LTR - NORTH,EXH0384,CENTRAL
100002334606,LTR - NORTH,EXH0382,CENTRAL
100006556469,ITR,EXH0858,NORTH
100004265829,NTR - 1,EXH0426,NORTH
100003430569,ITR,EXH0410,NORTH
100008161366,RTR,EXH0527,NORTH
100008753543,STR,EXH0605,SOUTH
100008298405,ITR,EXH0627,NORTH
100007985585,GTR,EXH0441,CENTRAL
100008031633,RTR,EXH0656,NORTH
100007329688,HTR,EXH0468,NORTH
2100088368,LTR - SOUTH,EXH0471,CENTRAL
100004605456,SLTR,EXH0890,CENTRAL
100007555692,SLTR,EXH0446,CENTRAL
100008770715,STR,EXH0431B,SOUTH
100008666032,KTR - 1,EXH0006,SOUTH
100007558444,NTR - 1,EXH0427,NORTH
100008070670,NTR - 1,EXH0425,NORTH
100007576980,CTR,EXH0589,CENTRAL
100008656394,RTR,EXH0617,NORTH
100001118151,LTR - SOUTH,EXH0397,CENTRAL
100008709266,LTR - NORTH,EXH0382,CENTRAL
100004008328,MTR,EXH0453,CENTRAL
100004948071,KTR - 2,EXH0020,SOUTH
100008697439,FTR,EXH0466,CENTRAL
100008636073,RTR,EXH0486,NORTH
100008504440,NTR - 1,EXH0570,NORTH
100004662504,GTR,EXH0442,CENTRAL
100007238680,HTR,EXH0564,NORTH
100006265837,CTR,EXH0430,CENTRAL
100008631531,MTR,EXH0546,CENTRAL
100006848060,LTR - NORTH,EXH0382,CENTRAL
100002635754,FTR,EXH0456,CENTRAL
100008015148,CTR,EXH0449,CENTRAL
1715631552,STR,EXH0432,SOUTH
100007409624,SLTR,EXH0875,CENTRAL
100008797129,SLTR,EXH0891,CENTRAL
100007080623,CTR,EXH0449,CENTRAL
100003945297,HYTR,EXH0827,SOUTH
100007557562,MTR,EXH0455,CENTRAL
100006763231,NTR - 2,EXH0423,NORTH
100007377736,MTR,EXH0455,CENTRAL
100007668195,LTR - SOUTH,EXH0398,CENTRAL
100008314511,KTR - 3,EXH0017,SOUTH
100008874759,CTR,EXH0883,CENTRAL
100006708955,QTR,EXH0524,SOUTH
100008198395,NTR - 1,EXH0479,NORTH
100002842882,LTR - NORTH,EXH0374,CENTRAL
100007872628,MTR,EXH0452,CENTRAL
L2104448424,CTR,EXH0429,CENTRAL
100006876404,KTR - 3,EXH0021,SOUTH
100006435413,FTR,EXH0461,CENTRAL
1533514891,SLTR,EXH0443,CENTRAL
100008721813,FTR,EXH0461,CENTRAL
100008637131,ITR,EXH0410,NORTH
100001851201,MTR,EXH0451,CENTRAL
100008271891,LTR - SOUTH,EXH0403,CENTRAL
100008135639,MTR,EXH0494,CENTRAL
100000805480,LTR - NORTH,EXH0376,CENTRAL
100007895868,NTR - 1,EXH0479,NORTH
100008745844,KTR - 1,EXH0028,SOUTH
100006705051,GTR,EXH0516,CENTRAL
100003972247,RTR,EXH0521,NORTH
100006379015,RTR,EXH0527,NORTH
100008973432,MTR,EXH0439,CENTRAL
100007086509,NTR - 2,EXH0424,NORTH
100009036991,KTR - 2,EXH0015,SOUTH
100008652593,ITR,EXH0866,NORTH
100008007224,CTR,EXH0429,CENTRAL
100004917974,HTR,EXH0564,NORTH
100005561987,NTR - 2,EXH0424,NORTH
100008551031,LTR - NORTH,EXH0377,CENTRAL
100008594232,LTR - NORTH,EXH0405,CENTRAL
100006738088,ITR,EXH0410,NORTH
100006617199,NTR - 2,EXH0643,NORTH
100006208656,NTR - 1,EXH0427,NORTH
100008462346,GTR,EXH0526W,CENTRAL
100008535492,NTR - 1,EXH0570,NORTH
100008626967,ITR,EXH0819,NORTH
100008479974,ITR,EXH0819,NORTH
100007899639,STR,EXH0431,SOUTH
100007630883,ITR,EXH0417,NORTH
100008492661,SLTR,EXH0517A,CENTRAL
100007872844,ITR,EXH0866,NORTH
1515681357,ITR,EXH0633,NORTH
100004296217,KTR - 2,EXH0016,SOUTH
100000639502,KTR - 1,EXH0014,SOUTH
100008587480,SLTR,EXH0447,CENTRAL
100008861545,NTR - 2,EXH0424,NORTH
100008593037,LTR - SOUTH,EXH0398,CENTRAL
100006900993,SLTR,EXH0447,CENTRAL
100008453442,ITR,EXH0415,NORTH
100004154879,LTR - SOUTH,EXH0901,CENTRAL
100008404766,NTR - 1,EXH0625,NORTH
100003074102,RTR,EXH0653,NORTH
1216975595,KTR - 3,EXH0024,SOUTH
2102090348,STR,EXH0558,SOUTH
1214919150,KTR - 2,EXH0015,SOUTH
100007995843,FTR,EXH0510,CENTRAL
100007623776,ITR,EXH0858,NORTH
100006264679,FTR,EXH0536,CENTRAL
100006777193,ITR,EXH0858,NORTH
100003534336,LTR - NORTH,EXH0376,CENTRAL
100006926130,NTR - 2,EXH0571A,NORTH
100008336080,SLTR,EXH0891,CENTRAL
100008780840,LTR - NORTH,EXH0371,CENTRAL
100008910193,KTR - 2,EXH0020,SOUTH
1216614298,KTR - 3,EXH0021,SOUTH
100008503546,LTR - NORTH,EXH0374,CENTRAL
100005955405,HTR,EXH0564,NORTH
100005838541,QTR,EXH0421,SOUTH
100008204358,RTR,EXH0630,NORTH
1554234656,GTR,EXH0442,CENTRAL
100000814266,LTR - NORTH,EXH0372,CENTRAL
100005128129,NTR - 1,EXH0566,NORTH
100005106879,SLTR,EXH0447,CENTRAL
100008154960,KTR - 2,EXH0020,SOUTH
100007295717,RTR,EXH0630,NORTH
100008515183,LTR - SOUTH,EXH0398,CENTRAL
100008556678,GTR,EXH0526Q,CENTRAL
1483740246,FTR,EXH0464,CENTRAL
100004787219,QTR,EXH0522,SOUTH
100008478371,ITR,EXH0855,NORTH
L1572611784,RTR,EXH0518,NORTH
100000382737,MTR,EXH0587,CENTRAL
100008698567,HYTR,EXH0472,SOUTH
100003693134,SLTR,EXH0489,CENTRAL
100002469152,NTR - 2,EXH0829,NORTH
100007127978,ITR,EXH0633,NORTH
100001305581,KTR - 1,EXH0001,SOUTH
100008329589,STR,EXH0599A,SOUTH
100008416019,CTR,EXH0533,CENTRAL
100008551525,HYTR,EXH0487,SOUTH
100007790025,NTR - 1,EXH0567,NORTH
100006507537,GTR,EXH0441,CENTRAL
100008578817,FTR,EXH0456,CENTRAL
100007224389,RTR,EXH0629,NORTH
100008501813,CTR,EXH0529,CENTRAL
100008715266,HYTR,EXH0826,SOUTH
100008310179,KTR - 1,EXH0006,SOUTH
100006778051,HYTR,EXH0553,SOUTH
100008609134,MTR,EXH0542,CENTRAL
100005764776,LTR - SOUTH,EXH0398,CENTRAL
100008411692,QTR,EXH0419,SOUTH
100007840705,NTR - 1,EXH0566,NORTH
100007199930,ITR,EXH0413,NORTH
100008960671,SLTR,EXH0444,CENTRAL
100008689968,ITR,EXH0418,NORTH
100006715544,QTR,EXH0419,SOUTH
100008675952,LTR - NORTH,EXH0377,CENTRAL
100008762461,HYTR,EXH0554,SOUTH
100008408572,LTR - NORTH,EXH0405,CENTRAL
100008668040,KTR - 3,EXH0025,SOUTH
100006686244,KTR - 1,EXH0001,SOUTH
100008614221,ITR,EXH0411,NORTH
100007778874,ITR,EXH0866,NORTH
L1425841717,LTR - SOUTH,EXH0404,CENTRAL
100008447329,SLTR,EXH0445,CENTRAL
100008195636,NTR - 1,EXH0642,NORTH
100008441597,FTR,EXH0509,CENTRAL
1216946462,KTR - 3,EXH0024,SOUTH
100004960513,LTR - NORTH,EXH0371,CENTRAL
100007774179,GTR,EXH0481,CENTRAL
100008262344,GTR,EXH0481,CENTRAL
100007943519,LTR - SOUTH,EXH0404,CENTRAL
100008310996,NTR - 2,EXH0424,NORTH
100005386155,ITR,EXH0418,NORTH
100007204363,LTR - SOUTH,EXH0396,CENTRAL
100007130163,HYTR,EXH0844,SOUTH
100008450063,ITR,EXH0410,NORTH
100006937641,LTR - SOUTH,EXH0395,CENTRAL
100008459666,SLTR,EXH0489,CENTRAL
100007182126,MTR,EXH0897,CENTRAL
100000433488,LTR - SOUTH,EXH0389,CENTRAL
100007243959,KTR - 3,EXH0023,SOUTH
100005882108,CTR,EXH0883,CENTRAL
1426660533,LTR - NORTH,EXH0401,CENTRAL
100008805478,CTR,EXH0591,CENTRAL
100008708794,FTR,EXH0466,CENTRAL
100008526014,KTR - 3,EXH0021,SOUTH
100005651582,LTR - NORTH,EXH0402,CENTRAL
100008667402,ITR,EXH0410,NORTH
100007384211,STR,EXH0618A,SOUTH
100008401050,SLTR,EXH0443,CENTRAL
100008704202,LTR - SOUTH,EXH0395,CENTRAL
100008098474,GTR,EXH0483,CENTRAL
100007522022,NTR - 1,EXH0677,NORTH
100008512219,MTR,EXH0546,CENTRAL
100008570310,HYTR,EXH0477,SOUTH
100008146733,NTR - 2,EXH0637,NORTH
100005010642,GTR,EXH0440,CENTRAL
100005547956,QTR,EXH0420,SOUTH
100001341011,LTR - SOUTH,EXH0370,CENTRAL
100008218851,ITR,EXH0412,NORTH
100008090923,QTR,EXH0419,SOUTH
100008118569,CTR,EXH0591,CENTRAL
2103610248,FTR,EXH0459,CENTRAL
100008163795,STR,EXH0560B,SOUTH
100008284447,FTR,EXH0504,CENTRAL
100005290493,QTR,EXH0421,SOUTH
100002382808,LTR - NORTH,EXH0383,CENTRAL
100008501944,LTR - NORTH,EXH0402,CENTRAL
100003563672,RTR,EXH0655,NORTH
2103274574,GTR,EXH0442,CENTRAL
100008523425,LTR - SOUTH,EXH0397,CENTRAL
100006683916,NTR - 1,EXH0566,NORTH
100005862579,ITR,EXH0412,NORTH
100008711825,CTR,EXH0449,CENTRAL
2103733609,NTR - 1,EXH0572,NORTH
100005047896,LTR - NORTH,EXH0384,CENTRAL
100008580822,HYTR,EXH0472,SOUTH
100007931037,NTR - 2,EXH0637,NORTH
1513313214,RTR,EXH0908,NORTH
100008563680,LTR - NORTH,EXH0401,CENTRAL
100008386905,KTR - 3,EXH0010,SOUTH
100009092924,FTR,EXH0536,CENTRAL
100001164622,MTR,EXH0900,CENTRAL
100007298518,SLTR,EXH0517A,CENTRAL
100008379702,FTR,EXH0466,CENTRAL
100005965887,NTR - 2,EXH0829,NORTH
100006109761,KTR - 3,EXH0033,SOUTH
100007603521,LTR - SOUTH,EXH0386,CENTRAL
1523532631,SLTR,EXH0517C,CENTRAL
100002016263,FTR,EXH0508,CENTRAL
100008655957,LTR - SOUTH,EXH0387,CENTRAL
100006245956,HYTR,EXH0473,SOUTH
1427636707,LTR - NORTH,EXH0383,CENTRAL
100008165386,FTR,EXH0892,CENTRAL
100004538826,KTR - 3,EXH0021,SOUTH
100006786056,LTR - NORTH,EXH0401,CENTRAL
L1442523434,CTR,EXH0530,CENTRAL
100006561002,LTR - NORTH,EXH0382,CENTRAL
100005542396,LTR - NORTH,EXH0402,CENTRAL
100008550525,LTR - NORTH,EXH0401,CENTRAL
100008342690,CTR,EXH0448,CENTRAL
100004906052,KTR - 2,EXH0016,SOUTH
2102311248,GTR,EXH0516,CENTRAL
100008602496,MTR,EXH0545,CENTRAL
100008259332,NTR - 1,EXH0565,NORTH
100008636636,QTR,EXH0421,SOUTH
100008718354,LTR - SOUTH,EXH0398,CENTRAL
2102482011,KTR - 3,EXH0023,SOUTH
L2106154116,FTR,EXH0508,CENTRAL
100006580108,LTR - SOUTH,EXH0895,CENTRAL
100008495041,FTR,EXH0893,CENTRAL
100008701973,GTR,EXH0481,CENTRAL
100007682202,NTR - 1,EXH0567,NORTH
100008174222,QTR,EXH0421,SOUTH
100008637523,HTR,EXH0884,NORTH
100007046777,LTR - SOUTH,EXH0394,CENTRAL
100008764240,KTR - 3,EXH0017,SOUTH
100006242060,HTR,EXH0468,NORTH
100008685625,MTR,EXH0452,CENTRAL
100008681521,LTR - NORTH,EXH0384,CENTRAL
100008730132,LTR - NORTH,EXH0402,CENTRAL
100008587676,FTR,EXH0464,CENTRAL
100002985085,ITR,EXH0852,NORTH
100008070183,LTR - SOUTH,EXH0397,CENTRAL
100005759353,LTR - NORTH,EXH0405,CENTRAL
100006963248,FTR,EXH0456,CENTRAL
100008630038,GTR,EXH0440,CENTRAL
100008403124,MTR,EXH0455,CENTRAL
100008369946,NTR - 2,EXH0423,NORTH
1216638008,KTR - 3,EXH0021,SOUTH
100005807388,ITR,EXH0417,NORTH
100008541153,MTR,EXH0603,CENTRAL
100008257995,FTR,EXH0466,CENTRAL
100007210804,NTR - 1,EXH0422,NORTH
100007326870,ITR,EXH0858,NORTH
100006737189,RTR,EXH0896,NORTH
100008146415,KTR - 2,EXH0018,SOUTH
100008441255,KTR - 3,EXH0023,SOUTH
1442635149,CTR,EXH0588,CENTRAL
100004688644,SLTR,EXH0446,CENTRAL
100007940386,HTR,EXH0468,NORTH
100006623878,QTR,EXH0419,SOUTH
100008585252,ITR,EXH0410,NORTH
100008242114,LTR - NORTH,EXH0402,CENTRAL
100008325581,MTR,EXH0453,CENTRAL
100008052270,LTR - NORTH,EXH0402,CENTRAL
100008140716,STR,EXH0560A,SOUTH
100008049085,HYTR,EXH0475,SOUTH
100008627300,NTR - 2,EXH0424,NORTH
100000068512,MTR,EXH0545,CENTRAL
100008563993,SLTR,EXH0447,CENTRAL
100007172979,STR,EXH0604,SOUTH
2101342510,KTR - 3,EXH0017,SOUTH
100004022139,RTR,EXH0486,NORTH
100008661133,ITR,EXH0410,NORTH
100005850529,LTR - NORTH,EXH0376,CENTRAL
100008207950,CTR,EXH0532,CENTRAL
100007607735,ITR,EXH0849,NORTH
100008488362,MTR,EXH0546,CENTRAL
100005658572,NTR - 1,EXH0426,NORTH
100008641207,HYTR,EXH0553,SOUTH
100008180870,KTR - 2,EXH0016,SOUTH
100006968925,MTR,EXH0455,CENTRAL
100007490311,NTR - 2,EXH0624,NORTH
100008624815,FTR,EXH0535,CENTRAL
100005766455,SLTR,EXH0888,CENTRAL
100008444193,LTR - SOUTH,EXH0398,CENTRAL
100007610083,MTR,EXH0603,CENTRAL
100002514197,KTR - 2,EXH0015,SOUTH
100003890600,KTR - 2,EXH0016,SOUTH
100008598613,CTR,EXH0531,CENTRAL
100005526962,GTR,EXH0441,CENTRAL
100008659270,LTR - NORTH,EXH0383,CENTRAL
100008592358,LTR - NORTH,EXH0401,CENTRAL
100007261226,RTR,EXH0518,NORTH
100008457857,RTR,EXH0606,NORTH
100008476551,MTR,EXH0873,CENTRAL
100008805305,LTR - NORTH,EXH0374,CENTRAL
1543600642,RTR,EXH0561,NORTH
100008416720,RTR,EXH0527,NORTH
100008381787,MTR,EXH0452,CENTRAL
100008716395,LTR - SOUTH,EXH0403,CENTRAL
100009104273,RTR,EXH0518,NORTH
100006263153,KTR - 1,EXH0014,SOUTH
100006151945,NTR - 2,EXH0571,NORTH
100008480848,LTR - SOUTH,EXH0385,CENTRAL
100008330561,NTR - 1,EXH0426,NORTH
100006673374,FTR,EXH0510,CENTRAL
100008577884,ITR,EXH0414,NORTH
100008145349,NTR - 1,EXH0648,NORTH
100008992060,KTR - 2,EXH0018,SOUTH
100007552257,LTR - SOUTH,EXH0389,CENTRAL
100005329822,LTR - NORTH,EXH0383,CENTRAL
100005898186,FTR,EXH0457,CENTRAL
100008662042,LTR - NORTH,EXH0376,CENTRAL
100008673526,KTR - 1,EXH0005,SOUTH
100008486653,STR,EXH0599,SOUTH
100003031455,FTR,EXH0506,CENTRAL
100006097592,GTR,EXH0516,CENTRAL
100004205093,NTR - 2,EXH0424,NORTH
100007267956,LTR - NORTH,EXH0405,CENTRAL
100007751897,STR,EXH0434,SOUTH
100007299323,LTR - SOUTH,EXH0396,CENTRAL
100007895031,NTR - 2,EXH0624,NORTH
100007578644,ITR,EXH0418,NORTH
100008555215,KTR - 1,EXH0009,SOUTH
100001280482,LTR - SOUTH,EXH0407,CENTRAL
100008793082,MTR,EXH0503,CENTRAL
2102111531,KTR - 2,EXH0011,SOUTH
100005062576,RTR,EXH0656,NORTH
100008006916,MTR,EXH0603,CENTRAL
100004043915,ITR,EXH0859,NORTH
100008617994,LTR - SOUTH,EXH0394,CENTRAL
100000186605,NTR - 2,EXH0571,NORTH
100004859018,HYTR,EXH0827,SOUTH
100008156470,HYTR,EXH0474,SOUTH
100000284260,HYTR,EXH0473,SOUTH
100002029374,STR,EXH0437,SOUTH
100008656741,FTR,EXH0465,CENTRAL
100006743571,ITR,EXH0854,NORTH
100007808597,HYTR,EXH0834,SOUTH
100003456201,STR,EXH0599B,SOUTH
100006627926,LTR - NORTH,EXH0371,CENTRAL
100008982260,KTR - 3,EXH0032,SOUTH
100008417565,NTR - 2,EXH0624,NORTH
1442525500,CTR,EXH0430,CENTRAL
100008449467,MTR,EXH0542,CENTRAL
100007359910,LTR - SOUTH,EXH0403,CENTRAL
100007283307,CTR,EXH0430,CENTRAL
100006526479,GTR,EXH0516,CENTRAL
100008111223,MTR,EXH0603,CENTRAL
100007975492,NTR - 2,EXH0835,NORTH
100001273647,LTR - SOUTH,EXH0403,CENTRAL
2106817220,KTR - 3,EXH0017,SOUTH
100007298415,ITR,EXH0858,NORTH
100006410528,HTR,EXH0884,NORTH
100008772958,GTR,EXH0442,CENTRAL
100008183028,GTR,EXH0480,CENTRAL
1426308456,LTR - SOUTH,EXH0387,CENTRAL
100008566324,KTR - 2,EXH0602,SOUTH
100007539379,LTR - NORTH,EXH0374,CENTRAL
100002656571,ITR,EXH0418,NORTH
100008664446,MTR,EXH0453,CENTRAL
100006517875,GTR,EXH0481,CENTRAL
100008709310,LTR - NORTH,EXH0377,CENTRAL
100007805871,SLTR,EXH0517C,CENTRAL
100006116424,KTR - 3,EXH0017,SOUTH
100005753757,LTR - SOUTH,EXH0901,CENTRAL
100008539556,CTR,EXH0448,CENTRAL
100008792664,NTR - 2,EXH0467,NORTH
100008645209,KTR - 1,EXH0001,SOUTH
100007925013,GTR,EXH0480,CENTRAL
100008353059,SLTR,EXH0517B,CENTRAL
1556760157,GTR,EXH0526K,CENTRAL
100004681825,NTR - 1,EXH0478,NORTH
100007896216,RTR,EXH0913,NORTH
100008601008,RTR,EXH0896,NORTH
100008828664,LTR - SOUTH,EXH0895,CENTRAL
2104112691,SLTR,EXH0446,CENTRAL
100008826840,LTR - NORTH,EXH0402,CENTRAL
100008258702,ITR,EXH0414,NORTH
100007810649,GTR,EXH0441,CENTRAL
100008585474,FTR,EXH0510,CENTRAL
100008432707,HYTR,EXH0487,SOUTH
100008494278,FTR,EXH0461,CENTRAL
100008376998,QTR,EXH0420,SOUTH
100005488539,MTR,EXH0546,CENTRAL
100007690041,QTR,EXH0419,SOUTH
100008607284,LTR - SOUTH,EXH0388,CENTRAL
100003125790,LTR - SOUTH,EXH0471,CENTRAL
100008383465,NTR - 2,EXH0624,NORTH
100008544409,CTR,EXH0449,CENTRAL
100008362940,CTR,EXH0883,CENTRAL
100008681598,ITR,EXH0410,NORTH
100004774110,GTR,EXH0847,CENTRAL
100008755417,LTR - SOUTH,EXH0895,CENTRAL
100002463972,GTR,EXH0440,CENTRAL
1425115779,LTR - SOUTH,EXH0397,CENTRAL
1212723263,KTR - 1,EXH0012,SOUTH
100006477237,MTR,EXH0545,CENTRAL
100007938893,ITR,EXH0410,NORTH
100008552505,CTR,EXH0531,CENTRAL
100005655701,LTR - SOUTH,EXH0390,CENTRAL
100003346450,GTR,EXH0485,CENTRAL
100008400696,FTR,EXH0460,CENTRAL
1685692511,MTR,EXH0537,CENTRAL
100008244509,ITR,EXH0412,NORTH
100008802670,LTR - NORTH,EXH0376,CENTRAL
100004325424,FTR,EXH0464,CENTRAL
100007767039,ITR,EXH0858,NORTH
100006545821,KTR - 3,EXH0017,SOUTH
100002035695,LTR - SOUTH,EXH0398,CENTRAL
100008676158,SLTR,EXH0517C,CENTRAL
100008806383,FTR,EXH0460,CENTRAL
100007671731,FTR,EXH0506,CENTRAL
100006140420,KTR - 2,EXH0015,SOUTH
100008286688,SLTR,EXH0447,CENTRAL
100008418685,LTR - SOUTH,EXH0895,CENTRAL
100003756306,LTR - NORTH,EXH0377,CENTRAL
100005672609,HYTR,EXH0472,SOUTH
100007511877,GTR,EXH0526Q,CENTRAL
100003985901,KTR - 2,EXH0015,SOUTH
100007344630,FTR,EXH0466,CENTRAL
100005300218,ITR,EXH0416,NORTH
100008492597,STR,EXH0556A,SOUTH
100007106118,NTR - 1,EXH0625,NORTH
100008511820,ITR,EXH0858,NORTH
100006628288,SLTR,EXH0517A,CENTRAL
100006593854,STR,EXH0560,SOUTH
100008278322,NTR - 1,EXH0426,NORTH
100007317866,HYTR,EXH0474,SOUTH
100007419235,KTR - 3,EXH0024,SOUTH
100004136130,NTR - 1,EXH0425,NORTH
100003737485,HYTR,EXH0549,SOUTH
100005339170,KTR - 1,EXH0004,SOUTH
100008655655,LTR - SOUTH,EXH0387,CENTRAL
100006053108,SLTR,EXH0501,CENTRAL
100008561961,FTR,EXH0464,CENTRAL
100008336204,LTR - NORTH,EXH0374,CENTRAL
100006700267,CTR,EXH0429,CENTRAL
1426812841,LTR - NORTH,EXH0374,CENTRAL
100007220169,ITR,EXH0416,NORTH
100008470175,LTR - SOUTH,EXH0386,CENTRAL
100006876977,ITR,EXH0855,NORTH
100005403856,ITR,EXH0410,NORTH
100007791503,LTR - SOUTH,EXH0393,CENTRAL
100008609379,SLTR,EXH0890,CENTRAL
100008731064,MTR,EXH0873,CENTRAL
100006500764,LTR - NORTH,EXH0379,CENTRAL
100008826183,RTR,EXH0653,NORTH
2107141901,FTR,EXH0535,CENTRAL
2106575750,ITR,EXH0410,NORTH
100006626301,RTR,EXH0521,NORTH
100004786183,STR,EXH0433,SOUTH
100000048208,MTR,EXH0620,CENTRAL
100008171989,MTR,EXH0587,CENTRAL
100007765633,RTR,EXH0561,NORTH
100008554823,LTR - SOUTH,EXH0403,CENTRAL
100008271337,KTR - 2,EXH0602,SOUTH
100008959212,RTR,EXH0656,NORTH
100008950229,KTR - 2,EXH0020,SOUTH
1427287929,LTR - NORTH,EXH0376,CENTRAL
100008517813,ITR,EXH0412,NORTH
1427315558,LTR - NORTH,EXH0377,CENTRAL
100006193218,SLTR,EXH0443,CENTRAL
100008698766,MTR,EXH0540,CENTRAL
100008689997,STR,EXH0560,SOUTH
100008200729,ITR,EXH0410,NORTH
1426276523,LTR - NORTH,EXH0376,CENTRAL
100008307361,KTR - 1,EXH0009,SOUTH
100003311178,LTR - NORTH,EXH0374,CENTRAL
1212532588,KTR - 1,EXH0014,SOUTH
1214401849,KTR - 2,EXH0020,SOUTH
1214715219,KTR - 2,EXH0602,SOUTH
1214810991,KTR - 3,EXH0017,SOUTH
1214933739,KTR - 2,EXH0015,SOUTH
1214973432,KTR - 3,EXH0017,SOUTH
1215394690,KTR - 1,EXH0002,SOUTH
1215672554,KTR - 1,EXH0004,SOUTH
1216655412,KTR - 3,EXH0022,SOUTH
1222786295,HYTR,EXH0473,SOUTH
1425270381,LTR - SOUTH,EXH0407,CENTRAL
1426312662,LTR - SOUTH,EXH0387,CENTRAL
1514618127,RTR,EXH0606,NORTH
1515472279,ITR,EXH0413,NORTH
1533550133,SLTR,EXH0888,CENTRAL
1553880357,GTR,EXH0488,CENTRAL
1652553602,MTR,EXH0503,CENTRAL
1723683393,STR,EXH0615,SOUTH
1992331639,HTR,EXH0468,NORTH
1997530250,HTR,EXH0882,NORTH
2103509672,STR,EXH0435,SOUTH
2103957505,KTR - 2,EXH0018,SOUTH
2104249297,KTR - 3,EXH0017,SOUTH
2105665890,STR,EXH0604,SOUTH
2105857653,STR,EXH0431,SOUTH
2106159294,KTR - 2,EXH0015,SOUTH
2106351106,SLTR,EXH0444,CENTRAL
2107078410,KTR - 2,EXH0015,SOUTH
100000000000,ITR,EXH0632,NORTH
100000686203,QTR,EXH0812,SOUTH
100002000000,QTR,EXH0524,SOUTH
100002000000,FTR,EXH0506,CENTRAL
100001895899,STR,EXH0560B,SOUTH
100002000000,MTR,EXH0439,CENTRAL
100002000000,ITR,EXH0418,NORTH
100002000000,FTR,EXH0457,CENTRAL
100002000000,RTR,EXH0486,NORTH
100002000000,KTR - 2,EXH0015,SOUTH
100002487689,MTR,EXH0541,CENTRAL
100003000000,LTR - NORTH,EXH0383,CENTRAL
100003000000,ITR,EXH0858,NORTH
100003000000,MTR,EXH0453,CENTRAL
100003000000,STR,EXH0618,SOUTH
100003000000,LTR - SOUTH,EXH0370,CENTRAL
100003000000,KTR - 1,EXH0008,SOUTH
100003397188,HTR,EXH0564,NORTH
100003000000,KTR - 1,EXH0003,SOUTH
100004000000,HYTR,EXH0548,SOUTH
100003720309,GTR,EXH0482,CENTRAL
100003722850,LTR - NORTH,EXH0372,CENTRAL
100003733358,FTR,EXH0465,CENTRAL
100004000000,ITR,EXH0632,NORTH
100004000000,LTR - NORTH,EXH0402,CENTRAL
100003827358,GTR,EXH0441,CENTRAL
100004000000,GTR,EXH0481,CENTRAL
100004000000,HYTR,EXH0549,SOUTH
100004000000,LTR - NORTH,EXH0384,CENTRAL
100004000000,GTR,EXH0516,CENTRAL
100004000000,LTR - SOUTH,EXH0403,CENTRAL
100004000000,QTR,EXH0584,SOUTH
100004211027,CTR,EXH0594,CENTRAL
100004268727,GTR,EXH0526K,CENTRAL
100004402312,LTR - NORTH,EXH0380,CENTRAL
100004676361,MTR,EXH0451,CENTRAL
100005000000,FTR,EXH0508,CENTRAL
100004832573,FTR,EXH0460,CENTRAL
100004955947,LTR - NORTH,EXH0405,CENTRAL
100005000000,LTR - SOUTH,EXH0403,CENTRAL
100005000000,MTR,EXH0545,CENTRAL
100005132421,ITR,EXH0858,NORTH
100005155993,KTR - 2,EXH0018,SOUTH
100005165721,RTR,EXH0896,NORTH
100005000000,ITR,EXH0416,NORTH
100005000000,HYTR,EXH0826,SOUTH
100005000000,ITR,EXH0852,NORTH
100005482113,LTR - NORTH,EXH0382,CENTRAL
100006000000,RTR,EXH0606,NORTH
100006000000,KTR - 1,EXH0001,SOUTH
100005612954,QTR,EXH0420,SOUTH
100006000000,ITR,EXH0416,NORTH
100006000000,FTR,EXH0510,CENTRAL
100005846941,GTR,EXH0440,CENTRAL
100006000000,NTR - 1,EXH0642,NORTH
100005919462,GTR,EXH0441,CENTRAL
100006060245,NTR - 1,EXH0641,NORTH
100006000000,KTR - 2,EXH0016,SOUTH
100006000000,NTR - 2,EXH0467,NORTH
100006192283,LTR - SOUTH,EXH0393,CENTRAL
100006000000,FTR,EXH0456,CENTRAL
100006000000,QTR,EXH0419,SOUTH
100006000000,KTR - 1,EXH0003,SOUTH
100006000000,STR,EXH0560,SOUTH
100006000000,KTR - 3,EXH0023,SOUTH
100006000000,LTR - SOUTH,EXH0388,CENTRAL
100006268352,HYTR,EXH0475,SOUTH
100006000000,CTR,EXH0449,CENTRAL
100006000000,MTR,EXH0897,CENTRAL
100006000000,RTR,EXH0518,NORTH
100006353996,SLTR,EXH0501,CENTRAL
100006360272,NTR - 2,EXH0563,NORTH
100006441243,MTR,EXH0494,CENTRAL
100006549068,MTR,EXH0873,CENTRAL
100006553537,QTR,EXH0522,SOUTH
100006571322,FTR,EXH0462,CENTRAL
100006593949,SLTR,EXH0491,CENTRAL
100007000000,ITR,EXH0866,NORTH
100007000000,LTR - NORTH,EXH0405,CENTRAL
100006659321,NTR - 2,EXH0424,NORTH
100007000000,FTR,EXH0465,CENTRAL
100006711485,HTR,EXH0616,NORTH
100006820761,LTR - SOUTH,EXH0385,CENTRAL
100007000000,LTR - SOUTH,EXH0386,CENTRAL
100007000000,ITR,EXH0416,NORTH
100007000000,SLTR,EXH0445,CENTRAL
100007000000,MTR,EXH0873,CENTRAL
100007000000,ITR,EXH0416,NORTH
100007000000,FTR,EXH0464,CENTRAL
100007000000,NTR - 1,EXH0479,NORTH
100007000000,FTR,EXH0465,CENTRAL
100007000000,HTR,EXH0616,NORTH
100007220899,NTR - 2,EXH0829,NORTH
100007000000,ITR,EXH0852,NORTH
100007255097,NTR - 1,EXH0427,NORTH
100007333732,HYTR,EXH0474,SOUTH
100007334982,LTR - SOUTH,EXH0403,CENTRAL
100007344578,STR,EXH0599,SOUTH
100007362464,NTR - 1,EXH0565,NORTH
100007000000,HTR,EXH0468,NORTH
100007000000,MTR,EXH0537,CENTRAL
100007391922,LTR - NORTH,EXH0402,CENTRAL
100007000000,HYTR,EXH0551,SOUTH
100007000000,SLTR,EXH0889,CENTRAL
100007000000,FTR,EXH0457,CENTRAL
100007491412,HYTR,EXH0660,SOUTH
100008000000,STR,EXH0437A,SOUTH
100008000000,SLTR,EXH0517D,CENTRAL
100008000000,FTR,EXH0465,CENTRAL
100007584560,ITR,EXH0633,NORTH
100007588803,GTR,EXH0441,CENTRAL
100008000000,RTR,EXH0629,NORTH
100008000000,NTR - 2,EXH0423,NORTH
100007654505,MTR,EXH0537,CENTRAL
100008000000,NTR - 2,EXH0423,NORTH
100008000000,NTR - 1,EXH0422,NORTH
100007670329,LTR - NORTH,EXH0402,CENTRAL
100007693236,GTR,EXH0621,CENTRAL
100008000000,KTR - 1,EXH0004,SOUTH
100008000000,FTR,EXH0461,CENTRAL
100007760357,STR,EXH0599B,SOUTH
100007783128,CTR,EXH0448,CENTRAL
100008000000,ITR,EXH0413,NORTH
100007803792,LTR - SOUTH,EXH0404,CENTRAL
100008000000,SLTR,EXH0875,CENTRAL
100007811552,FTR,EXH0507,CENTRAL
100008000000,LTR - SOUTH,EXH0407,CENTRAL
100007890294,LTR - SOUTH,EXH0398,CENTRAL
100008000000,LTR - NORTH,EXH0374,CENTRAL
100007956411,MTR,EXH0455,CENTRAL
100007984203,MTR,EXH0542,CENTRAL
100007984412,NTR - 2,EXH0467,NORTH
100008000000,ITR,EXH0635,NORTH
100008000000,NTR - 2,EXH0624,NORTH
100008000000,KTR - 2,EXH0018,SOUTH
100008000000,MTR,EXH0620,CENTRAL
100008039951,GTR,EXH0526K,CENTRAL
100008000000,LTR - SOUTH,EXH0901,CENTRAL
100008000000,LTR - NORTH,EXH0384,CENTRAL
100008000000,SLTR,EXH0876,CENTRAL
100008000000,QTR,EXH0419,SOUTH
100008094834,STR,EXH0437A,SOUTH
100008000000,HYTR,EXH0554,SOUTH
100008000000,LTR - NORTH,EXH0377,CENTRAL
100008000000,CTR,EXH0430,CENTRAL
100008000000,MTR,EXH0543,CENTRAL
100008000000,FTR,EXH0459,CENTRAL
100008000000,STR,EXH0598A,SOUTH
100008000000,MTR,EXH0439,CENTRAL
100008156347,NTR - 1,EXH0422,NORTH
100008162050,GTR,EXH0846,CENTRAL
100008000000,MTR,EXH0545,CENTRAL
100008000000,KTR - 1,EXH0002,SOUTH
100008000000,FTR,EXH0460,CENTRAL
100008183255,MTR,EXH0541,CENTRAL
100008000000,SLTR,EXH0517D,CENTRAL
100008000000,MTR,EXH0451,CENTRAL
100008000000,GTR,EXH0441,CENTRAL
100008254220,GTR,EXH0440,CENTRAL
100008000000,LTR - NORTH,EXH0402,CENTRAL
100008000000,LTR - SOUTH,EXH0394,CENTRAL
100008000000,KTR - 3,EXH0030,SOUTH
100008269246,MTR,EXH0452,CENTRAL
100008000000,ITR,EXH0415,NORTH
100008000000,KTR - 2,EXH0015,SOUTH
100008000000,KTR - 3,EXH0030,SOUTH
100008319496,MTR,EXH0451,CENTRAL
100008000000,FTR,EXH0509,CENTRAL
100008352818,LTR - NORTH,EXH0372,CENTRAL
100008000000,MTR,EXH0451,CENTRAL
100008408464,LTR - NORTH,EXH0371,CENTRAL
100009000000,MTR,EXH0873,CENTRAL
100009000000,FTR,EXH0458,CENTRAL
100009000000,LTR - SOUTH,EXH0386,CENTRAL
100009000000,FTR,EXH0893,CENTRAL
100009000000,HYTR,EXH0473,SOUTH
100009000000,SLTR,EXH0443,CENTRAL
100009000000,KTR - 3,EXH0010,SOUTH
L2100750802,FTR,EXH0464,CENTRAL
L2106601347,FTR,EXH0465,CENTRAL
L2107010764,ITR,EXH0852,NORTH
